customer_id,age,gender,education,marital_status,income_clp,region,registration_date,total_purchases,total_spent_clp,online_purchases,store_purchases,complaints,satisfaction_score,last_purchase_days
C00001,47,Femenino,Media,Soltero,781889.0,Biobío,2024-02-05,12,537694,7,5,0,4.0,206
C00002,40,Femenino,Media,Soltero,1242577.0,Araucanía,2020-02-11,9,862822,6,11,0,4.0,242
C00003,49,Masculino,Media,Soltero,1347579.0,Araucanía,2020-10-12,20,1195473,5,4,1,4.0,306
C00004,60,Masculino,Técnica,Casado,686279.0,Biobío,2023-10-13,15,1571007,4,8,0,3.0,184
C00005,39,Femenino,Universitaria,Casado,1394730.0,Biobío,2018-01-29,14,410407,7,6,0,3.0,128
C00006,39,Masculino,Técnica,Soltero,1119021.0,Metropolitana,2024-08-16,13,432554,10,6,2,4.0,230
C00007,60,Femenino,Técnica,Soltero,508549.0,Metropolitana,2023-11-15,23,1152418,7,9,1,4.0,41
C00008,51,Masculino,Técnica,Casado,814768.0,Valparaíso,2023-03-09,17,1174807,6,9,2,3.0,281
C00009,36,Masculino,Universitaria,Divorciado,996206.0,Valparaíso,2022-01-05,18,357176,6,8,1,4.0,162
C00010,48,Masculino,Técnica,Viudo,2806058.0,Valparaíso,2021-05-11,16,442404,10,8,1,4.0,312
C00011,36,Masculino,Media,Viudo,1541522.0,Valparaíso,2023-08-31,15,712203,4,8,1,3.0,340
C00012,36,Masculino,Universitaria,Soltero,657937.0,Metropolitana,2025-08-14,15,811397,3,5,1,5.0,158
C00013,44,Femenino,Media,Divorciado,1493373.0,Araucanía,2021-01-30,14,825318,9,3,0,4.0,324
C00014,19,Masculino,Técnica,Casado,598119.0,Valparaíso,2018-03-07,10,353901,15,7,1,4.0,21
C00015,21,femenino,Técnica,Soltero,1953323.0,Araucanía,2025-04-04,15,820331,10,6,1,5.0,347
C00016,35,Masculino,Universitaria,Divorciado,970751.0,Valparaíso,2021-02-08,13,520187,7,3,1,4.0,10
C00017,29,Masculino,Técnica,Divorciado,1150486.0,Biobío,05-11-2022,12,397351,3,9,1,4.0,87
C00018,45,Masculino,Universitaria,Divorciado,2179139.0,Valparaíso,2023-12-11,17,794739,6,13,1,4.0,33
C00019,31,Hombre,Postgrado,Casado,,Valparaíso,2022-09-25,10,747560,11,7,1,4.0,361
C00020,25,Masculino,Media,Casado,639939.0,Region Metropolitana,2019-03-23,15,1294173,7,9,0,1.0,339
C00021,59,Masculino,Técnica,Viudo,922841.0,Metropolitana,2025-04-12,13,477245,8,4,1,3.0,203
C00022,39,Masculino,Técnica,Viudo,1914759.0,Biobío,2025-06-11,15,921233,12,5,0,3.0,4
C00023,42,Femenino,Técnica,Divorciado,605691.0,Valparaíso,2025-04-16,13,312125,11,5,3,4.0,23
C00024,24,Femenino,Técnica,Divorciado,,Valparaíso,2018-10-08,11,678373,3,9,0,4.0,197
C00025,35,Femenino,Universitaria,Casado,979512.0,Araucanía,2019-08-19,13,1056607,1,8,1,4.0,309
C00026,43,Femenino,Universitaria,Viudo,1538187.0,Biobío,2023-06-10,17,1111454,9,9,0,4.0,274
C00027,28,Masculino,Universitaria,Divorciado,2059450.0,Valparaíso,2025-07-13,13,1116006,9,8,1,1.0,273
C00028,46,Femenino,Técnica,Viudo,974236.0,Araucanía,2020-12-10,14,1296258,5,9,0,3.0,107
C00029,34,Masculino,Universitaria,Viudo,997183.0,Araucanía,2018-07-29,17,612248,12,7,0,3.0,200
C00030,38,Femenino,Postgrado,Divorciado,2016930.0,Metropolitana,2018-05-06,14,1077120,3,10,1,3.0,343
C00031,34,Femenino,Universitaria,Casado,517336.0,Araucanía,2019-05-07,14,2454942,9,5,0,,215
C00032,64,Masculino,,Divorciado,1007515.0,Valparaíso,2020-08-27,10,604457,5,8,0,4.0,2
C00033,41,Masculino,Universitaria,Divorciado,1307363.0,Metropolitana,2019-08-04,17,1831206,6,4,2,3.0,121
C00034,29,Femenino,Media,Viudo,1468835.0,Metropolitana,2025-09-25,17,1353562,5,8,1,5.0,103
C00035,51,Masculino,Técnica,Divorciado,954000.0,Valparaíso,2024-04-24,20,681855,6,6,1,5.0,149
C00036,27,femenino,Media,Casado,1218743.0,Biobío,2021-04-26,17,716864,9,7,1,3.0,152
C00037,44,Femenino,Universitaria,Divorciado,391634.0,Araucanía,2018-08-18,18,858900,10,6,-1,4.0,53
C00038,18,Otro,Universitaria,Casado,892355.0,Metropolitana,2018-07-08,22,1308596,6,6,2,2.0,166
C00039,26,Masculino,Media,Casado,1471673.0,Biobío,2023-08-20,21,1018608,8,8,3,4.0,306
C00040,44,Masculino,,Viudo,771274.0,Valparaíso,2025-06-16,16,601612,12,6,3,3.0,167
C00041,50,Femenino,Técnica,Soltero,1232277.0,Araucanía,2019-05-17,19,229379,7,10,2,4.0,316
C00042,44,Masculino,Técnica,Soltero,,Araucanía,2023-11-03,15,1197409,4,8,2,4.0,364
C00043,40,Femenino,Media,Viudo,1028575.0,Metropolitana,2018-02-18,21,250914,6,12,1,5.0,295
C00044,38,Hombre,Técnica,Divorciado,1295673.0,Araucanía,2025-11-25,11,352490,4,12,3,4.0,71
C00045,24,Femenino,Universitaria,Viudo,778093.0,Araucanía,2019-11-20,17,628367,5,8,0,1.0,128
C00046,33,Femenino,Media,Casado,1093459.0,Araucanía,2019-01-22,18,386126,6,10,1,4.0,33
C00047,36,Masculino,Media,Soltero,1579200.0,Araucanía,2020-08-27,23,967900,8,11,1,4.0,157
C00048,54,Masculino,Técnica,Viudo,1287830.0,Valparaíso,2020-10-02,9,669746,6,11,1,,330
C00049,46,Masculino,Universitaria,Divorciado,,Biobío,2024-03-15,17,1281453,10,7,3,5.0,266
C00050,20,Femenino,Universitaria,Viudo,1327395.0,Valparaíso,2022-09-21,12,304899,6,10,0,5.0,204
C00051,45,Femenino,Universitaria,Soltero,1655157.0,Valparaíso,2023-06-28,14,537792,9,5,1,4.0,195
C00052,37,Femenino,Técnica,Viudo,477041.0,Metropolitana,2024-04-21,18,802018,10,15,1,3.0,109
C00053,33,femenino,Técnica,Viudo,2021631.0,Araucanía,2024-04-02,10,820774,6,9,1,1.0,159
C00054,49,Femenino,Media,Soltero,1031492.0,Valparaíso,2022-05-27,16,1213220,7,7,0,5.0,283
C00055,54,Masculino,Universitaria,Casado,1453234.0,Araucanía,2022-11-25,14,462135,7,7,0,5.0,27
C00056,53,Masculino,Universitaria,Casado,2056658.0,Valparaíso,2018-09-28,14,604139,4,8,1,3.0,227
C00057,31,Femenino,Universitaria,Soltero,647308.0,Valparaíso,2018-05-03,19,1084659,3,6,0,4.0,252
C00058,38,Masculino,Universitaria,Viudo,872033.0,Metropolitana,2025-05-27,15,213892,9,8,0,4.0,265
C00059,45,Femenino,Universitaria,Soltero,1053875.0,Biobío,2021-07-04,14,1007848,6,6,0,4.0,262
C00060,53,Masculino,Media,Casado,843354.0,Metropolitana,2021-12-15,18,1265194,3,7,3,5.0,134
C00061,36,Masculino,Universitaria,Divorciado,2619656.0,Valparaíso,2018-09-16,11,359392,7,5,2,2.0,26
C00062,39,Femenino,Media,Viudo,816093.0,Metropolitana,2020-08-05,10,662220,5,8,1,5.0,43
C00063,28,Femenino,Técnica,Casado,934564.0,Araucanía,2023-09-26,20,1959035,6,6,3,3.0,19
C00064,27,Masculino,Media,Viudo,1315604.0,Araucanía,2020-05-12,10,1188572,7,5,4,4.0,16
C00065,51,Masculino,Media,Soltero,,Valparaíso,2019-06-09,16,1046069,8,11,0,4.0,105
C00066,58,Femenino,Técnica,Divorciado,1004274.0,Biobío,2020-06-06,18,1449809,3,11,0,4.0,279
C00067,41,Masculino,Técnica,Soltero,,Metropolitana,2018-07-27,19,2362176,6,3,1,4.0,203
C00068,54,Masculino,Técnica,Divorciado,1033069.0,Biobío,2025-08-26,11,808946,10,4,0,4.0,208
C00069,46,Masculino,Técnica,Viudo,1150616.0,Araucanía,2018-05-29,12,626593,9,11,0,4.0,166
C00070,34,Femenino,Media,Viudo,945654.0,Biobío,2019-03-14,8,1447704,11,6,0,4.0,59
C00071,46,Masculino,Media,Soltero,607022.0,Araucanía,2024-01-12,17,714897,5,9,1,3.0,48
C00072,60,Masculino,Técnica,Divorciado,,Metropolitana,2022-09-18,17,458426,8,3,1,5.0,148
C00073,41,Femenino,Técnica,Divorciado,2643335.0,Metropolitana,2018-12-24,12,578577,2,13,0,2.0,277
C00074,60,Femenino,Universitaria,Viudo,1209978.0,Valparaíso,2021-05-25,11,964885,7,8,3,4.0,178
C00075,18,Masculino,Universitaria,Soltero,1328021.0,Valparaíso,2023-04-15,14,610851,5,8,2,2.0,289
C00076,51,Femenino,,Divorciado,1638935.0,Biobío,2019-04-01,16,638822,3,6,1,4.0,114
C00077,43,Masculino,Universitaria,Viudo,677817.0,Metropolitana,2025-09-24,9,431912,2,11,2,3.0,296
C00078,38,Hombre,Técnica,Casado,2581713.0,Metropolitana,2022-06-21,15,1892836,8,6,0,5.0,218
C00079,43,Femenino,Universitaria,Soltero,1314385.0,Valparaíso,2019-09-21,12,651342,8,5,1,1.0,266
C00080,18,Masculino,Técnica,Casado,2500916.0,Araucanía,2025-11-19,15,522019,8,4,1,3.0,162
C00081,39,Femenino,Técnica,Soltero,862825.0,Biobío,2019-05-01,20,556428,8,4,1,4.0,329
C00082,46,Femenino,,Viudo,2719503.0,Metropolitana,2025-01-24,18,1294820,5,8,1,3.0,36
C00083,59,Femenino,Técnica,Divorciado,1700872.0,Valparaíso,2018-07-19,14,1128371,8,9,1,5.0,75
C00084,35,Masculino,Universitaria,Divorciado,1539087.0,Metropolitana,2019-01-06,15,591995,3,6,4,5.0,135
C00085,32,Femenino,,Divorciado,1333267.0,Valparaíso,2020-10-10,18,815661,7,7,1,4.0,272
C00086,35,Femenino,Universitaria,Soltero,1073027.0,Valparaíso,2023-06-06,15,944479,5,5,1,3.0,179
C00087,52,Masculino,Universitaria,Viudo,2059700.0,Valparaíso,2025-12-10,18,524352,8,4,2,3.0,159
C00088,45,Femenino,Técnica,Casado,1278239.0,Valparaíso,2022-01-11,13,317423,9,8,3,3.0,243
C00089,35,femenino,Técnica,Viudo,495167.0,Araucanía,2018-09-05,27,1089674,5,9,3,3.0,301
C00090,48,Femenino,Técnica,Casado,725849.0,Araucanía,2020-02-27,12,542057,8,7,0,1.0,204
C00091,43,Masculino,,Soltero,1103725.0,Metropolitana,2024-04-30,19,1041920,7,9,0,5.0,283
C00092,53,Femenino,Universitaria,Soltero,1379637.0,Valparaíso,2023-09-10,12,969933,7,4,0,4.0,278
C00093,33,Masculino,Universitaria,Casado,1169828.0,Araucanía,2022-03-02,17,827233,7,12,0,3.0,143
C00094,38,FEMENINO,Universitaria,Casado,2076862.0,Metropolitana,2021-06-26,14,619514,5,7,3,3.0,8
C00095,37,Femenino,Técnica,Casado,498738.0,Valparaíso,2019-08-28,21,546893,7,7,0,4.0,116
C00096,24,Femenino,Media,Viudo,,Biobío,2022-08-17,10,404059,8,10,0,3.0,343
C00097,45,Femenino,Técnica,Casado,529528.0,Araucanía,2021-11-18,25,553223,7,11,0,5.0,272
C00098,45,Femenino,Media,Soltero,1689093.0,Metropolitana,2022-12-26,12,1125407,13,8,1,3.0,176
C00099,42,Femenino,Universitaria,Soltero,1150061.0,Biobío,2019-05-17,12,1850677,7,7,2,5.0,214
C00100,39,Masculino,Técnica,Divorciado,1449394.0,Valparaíso,2019-07-03,22,1694717,9,6,2,4.0,215
C00101,25,Femenino,Media,Casado,813486.0,Valparaíso,2021-09-27,20,872938,10,8,3,5.0,57
C00102,36,Femenino,Media,Viudo,2134176.0,Valparaíso,2020-04-18,9,1850087,7,10,0,1.0,229
C00103,37,Masculino,Universitaria,Viudo,1917644.0,Araucanía,2021-12-01,16,665488,4,4,1,2.0,300
C00104,32,Masculino,Universitaria,Viudo,1560359.0,Metropolitana,2021-12-19,11,368700,6,13,2,4.0,327
C00105,40,Femenino,Técnica,Divorciado,1132059.0,Biobío,2020-04-27,18,2532941,5,7,3,5.0,37
C00106,46,Femenino,Media,Soltero,1557773.0,Metropolitana,2019-09-06,18,1101355,8,8,3,4.0,284
C00107,64,Femenino,Técnica,Viudo,873034.0,Araucanía,2019-02-16,8,318567,11,5,0,4.0,324
C00108,44,Masculino,Técnica,Soltero,1763537.0,Metropolitana,2024-10-15,20,2038645,4,9,1,1.0,224
C00109,45,Masculino,Universitaria,Divorciado,2520829.0,Araucanía,2019-11-09,9,512119,10,12,0,3.0,302
C00110,41,Femenino,Universitaria,Casado,1942734.0,Valparaíso,2018-06-08,20,583522,6,7,3,3.0,201
C00111,18,Masculino,Técnica,Casado,864158.0,Biobío,2023-08-24,16,1476517,11,6,1,4.0,100
C00112,41,Masculino,Media,Casado,1411932.0,Valparaíso,2019-01-08,17,1811002,6,10,1,3.0,282
C00113,42,Masculino,Postgrado,Viudo,670593.0,Metropolitana,2024-03-22,12,438854,11,11,1,3.0,75
C00114,71,Masculino,Técnica,Casado,1552547.0,Valparaíso,2021-01-01,18,1933730,10,5,0,4.0,212
C00115,39,Femenino,Universitaria,Viudo,1469751.0,Biobío,2025-01-02,15,1351747,4,12,0,5.0,191
C00116,45,Femenino,Media,Divorciado,517318.0,Valparaíso,2019-08-26,12,495101,4,10,2,4.0,63
C00117,41,Femenino,Técnica,Divorciado,,Biobío,2018-08-04,12,690259,4,14,4,4.0,112
C00118,27,Femenino,Media,Viudo,1056444.0,Biobío,2023-06-20,20,1986825,3,8,2,5.0,143
C00119,55,Masculino,Técnica,Soltero,1048053.0,Valparaíso,2022-04-14,16,313649,6,13,0,3.0,99
C00120,51,Masculino,Postgrado,Casado,696322.0,Santiago,2023-01-15,17,1831774,10,5,0,1.0,265
C00121,51,Femenino,Técnica,Casado,1429553.0,Metropolitana,2023-05-17,19,1329364,6,8,1,4.0,225
C00122,31,Femenino,Media,Casado,1343777.0,Araucanía,2025-11-27,17,1085825,5,13,3,4.0,75
C00123,58,Femenino,Media,Viudo,,Araucanía,2019-12-28,18,865778,8,12,0,4.0,278
C00124,25,Masculino,Técnica,Divorciado,854033.0,Valparaíso,2021-05-29,14,2608927,4,6,3,3.0,198
C00125,49,Femenino,Media,Casado,1923679.0,Metropolitana,2025-02-14,19,2850831,8,8,1,4.0,184
C00126,68,Femenino,Media,Divorciado,2527560.0,Metropolitana,2020-12-01,15,553064,7,8,2,4.0,293
C00127,30,Femenino,Universitaria,Casado,965334.0,Araucanía,2019-11-07,21,1155091,3,11,0,3.0,57
C00128,35,Femenino,Técnica,Casado,911053.0,Valparaíso,2025-12-30,15,2463251,5,11,0,4.0,249
C00129,43,Otro,Técnica,Viudo,1496853.0,Metropolitana,2018-10-10,13,499488,11,8,1,3.0,114
C00130,35,Masculino,Universitaria,Soltero,1021434.0,Araucanía,2020-12-17,12,925649,9,8,0,5.0,140
C00131,23,Femenino,Media,Viudo,1127037.0,Metropolitana,2025-11-21,13,1461088,10,5,1,5.0,359
C00132,42,Masculino,Postgrado,Casado,1673915.0,Valparaíso,2025-01-28,17,238811,4,9,0,5.0,41
C00133,29,Masculino,Técnica,Casado,508195.0,Valparaíso,2023-03-24,15,1315201,4,11,3,5.0,153
C00134,47,Masculino,Universitaria,Soltero,2171802.0,Valparaíso,2021-02-26,21,416360,6,8,0,3.0,232
C00135,30,Femenino,Universitaria,Divorciado,1239896.0,Metropolitana,2025-11-29,14,897856,4,6,0,5.0,105
C00136,60,Femenino,Universitaria,Divorciado,997153.0,Biobío,2020-08-05,23,1589569,6,7,0,4.0,106
C00137,150,Femenino,Postgrado,Casado,1152768.0,Metropolitana,2019-10-27,15,190776,7,7,1,4.0,300
C00138,38,Masculino,Técnica,Divorciado,1179882.0,Biobío,2022-09-14,12,1281936,6,7,4,3.0,130
C00139,51,Femenino,Postgrado,Casado,550615.0,Valparaíso,2021-02-22,11,2717884,8,5,0,5.0,161
C00140,27,Femenino,Técnica,Soltero,2351477.0,Araucanía,2018-03-08,16,580930,10,8,1,2.0,257
C00141,44,Femenino,Técnica,Soltero,1222524.0,Biobío,2023-08-16,17,1130738,6,9,5,3.0,229
C00142,57,M,Técnica,Casado,1464732.0,Valparaíso,2019-09-29,17,-30000,4,6,0,5.0,350
C00143,22,Femenino,Técnica,Soltero,1841386.0,Valparaíso,2018-11-10,14,307613,7,7,1,4.0,182
C00144,44,Masculino,Media,Viudo,757901.0,Biobío,2019-07-19,13,1260209,4,7,2,4.0,14
C00145,45,Masculino,Técnica,Viudo,1484954.0,Araucanía,2022-05-21,17,1478630,6,12,0,4.0,100
C00146,51,Femenino,Técnica,Soltero,1063837.0,Valparaíso,2020-04-05,12,1173544,5,7,2,3.0,225
C00147,27,Masculino,Universitaria,Casado,1756579.0,Biobío,2024-12-28,13,842678,10,7,2,4.0,358
C00148,26,Femenino,Universitaria,Casado,460735.0,Araucanía,10/01/2021,14,438940,8,8,2,1.0,231
C00149,48,Masculino,Técnica,Soltero,1147664.0,Araucanía,2020-10-22,23,1843582,10,11,1,5.0,53
C00150,45,Femenino,Técnica,Divorciado,914893.0,Valparaíso,2024-03-01,14,816734,5,6,3,4.0,6
C00151,45,Masculino,Técnica,Viudo,1457670.0,Metropolitana,2019-10-24,12,465114,5,12,1,5.0,90
C00152,46,Masculino,Media,Divorciado,1482665.0,Metropolitana,2020-03-15,17,661028,6,11,1,4.0,64
C00153,33,Masculino,Media,Casado,872746.0,Valparaíso,2024-09-17,16,997889,7,8,1,4.0,88
C00154,44,Masculino,Técnica,Casado,870962.0,Araucanía,2019-06-20,9,313531,7,11,0,4.0,33
C00155,45,Femenino,Técnica,Divorciado,1141704.0,Valparaíso,2021-10-23,12,808653,6,10,1,3.0,72
C00156,33,Masculino,Postgrado,Soltero,801582.0,Biobío,2021-05-20,14,622961,5,11,0,3.0,44
C00157,64,Masculino,,Divorciado,1752799.0,Metropolitana,2025-03-09,14,1783312,4,5,1,5.0,253
C00158,47,Masculino,Técnica,Divorciado,1016309.0,Biobío,2025-09-11,14,259739,8,6,0,3.0,107
C00159,27,Femenino,Técnica,Viudo,324385.0,Valparaíso,2023-04-05,15,1405103,9,8,0,4.0,290
C00160,49,Masculino,,Viudo,1013745.0,Valparaíso,2023-12-05,8,1872198,8,5,0,1.0,2
C00161,30,Masculino,Técnica,Divorciado,751996.0,Araucanía,2019-09-20,16,265697,5,5,1,2.0,136
C00162,51,Masculino,Universitaria,Divorciado,575939.0,Araucanía,2020-01-19,19,285517,4,3,1,4.0,117
C00163,55,Femenino,Técnica,Casado,687618.0,Araucanía,2018-04-15,19,2335898,5,7,1,5.0,121
C00164,32,Masculino,Técnica,Viudo,1260559.0,Biobío,2024-12-17,14,464977,7,12,1,4.0,288
C00165,53,Femenino,Postgrado,Viudo,2181930.0,Araucanía,2018-02-15,12,5123070,4,9,0,3.0,312
C00166,46,FEMENINO,,Casado,1381617.0,Valparaíso,2025-11-10,20,270726,10,3,0,2.0,94
C00167,51,Femenino,Universitaria,Soltero,913378.0,Metropolitana,2021-09-16,19,885931,9,8,0,5.0,7
C00168,64,Masculino,Técnica,Viudo,1473261.0,Metropolitana,2021-05-24,16,788849,8,11,0,4.0,88
C00169,39,Otro,Universitaria,Viudo,976023.0,Araucanía,2020-09-08,20,706055,9,7,1,5.0,182
C00170,32,Femenino,Media,Soltero,877877.0,Biobío,2020-08-17,12,1056153,9,8,2,2.0,191
C00171,31,Masculino,Técnica,Viudo,713807.0,Metropolitana,2022-02-24,18,1093347,6,12,1,5.0,208
C00172,32,Femenino,Media,Viudo,545527.0,Metropolitana,2023-01-11,15,723439,11,8,1,5.0,291
C00173,41,Masculino,,Soltero,1006879.0,Metropolitana,2025-12-02,14,435331,7,13,2,5.0,354
C00174,46,Masculino,Técnica,Soltero,1288457.0,Biobío,2024-11-01,17,1500071,9,9,0,1.0,278
C00175,45,Masculino,Media,Divorciado,1148941.0,Valparaíso,2025-01-27,14,1166127,8,3,1,4.0,315
C00176,51,Masculino,Postgrado,Casado,995148.0,Araucanía,2025-01-02,12,856934,6,5,0,,52
C00177,42,Masculino,Universitaria,Casado,784064.0,Metropolitana,2022-01-21,18,1144167,9,4,1,4.0,267
C00178,59,Femenino,Universitaria,Soltero,,Metropolitana,2022-04-09,16,1268990,9,10,1,4.0,244
C00179,38,Femenino,Técnica,Soltero,663392.0,Metropolitana,2025-01-31,13,506524,4,7,4,4.0,182
C00180,74,Masculino,Universitaria,Viudo,1701540.0,Valparaíso,2022-02-16,14,1119928,11,11,1,5.0,211
C00181,49,Masculino,Media,Divorciado,764390.0,Valparaíso,2023-08-26,19,574092,5,12,0,4.0,198
C00182,31,Masculino,Universitaria,Divorciado,855324.0,Biobío,2023-06-24,12,1294437,7,8,0,4.0,270
C00183,29,Masculino,Media,Soltero,620188.0,Valparaíso,2024-04-09,13,712779,4,7,0,4.0,33
C00184,47,Femenino,Universitaria,Viudo,957615.0,Araucanía,2023-05-28,14,1154754,4,6,1,4.0,102
C00185,39,Masculino,Técnica,Viudo,1861182.0,Biobío,2020-06-30,10,616670,9,8,0,3.0,333
C00186,50,Femenino,Universitaria,Casado,1513393.0,Biobío,2021-07-18,10,1191339,4,7,2,3.0,282
C00187,47,Masculino,Universitaria,Casado,1863788.0,Region Metropolitana,05-11-2022,12,444677,8,7,1,4.0,237
C00188,41,FEMENINO,Media,Viudo,1517836.0,Araucanía,2022-12-08,16,817550,5,10,0,2.0,216
C00189,31,Femenino,Técnica,Casado,730278.0,Araucanía,2025-07-15,19,1440853,5,11,1,4.0,321
C00190,23,Femenino,Postgrado,Soltero,1034032.0,Biobío,2022-10-20,16,1058845,10,6,1,5.0,302
C00191,36,Femenino,Técnica,Viudo,844704.0,Biobío,2018-04-25,15,897693,6,6,2,4.0,127
C00192,52,Masculino,Universitaria,Casado,2183830.0,Biobío,2022-05-23,10,2360782,10,8,0,5.0,94
C00193,44,FEMENINO,Técnica,Divorciado,700309.0,Araucanía,2021-08-15,17,1478515,7,3,2,4.0,74
C00194,27,Femenino,Técnica,Viudo,1794067.0,Araucanía,04/02/2023,21,1336668,9,11,1,3.0,128
C00195,44,Femenino,Técnica,Viudo,1793467.0,Metropolitana,2024-09-10,10,1187289,6,9,0,3.0,74
C00196,46,Femenino,Media,Divorciado,,Valparaíso,2024-09-07,19,1279506,6,6,1,5.0,256
C00197,31,Femenino,Universitaria,Soltero,997964.0,Metropolitana,2021-01-03,20,2162181,9,6,1,5.0,102
C00198,43,Femenino,,Divorciado,1653454.0,Araucanía,2020-09-04,18,622666,8,10,2,4.0,47
C00199,5,Masculino,Técnica,Viudo,,Biobío,2022-02-14,15,1465943,4,4,1,3.0,165
C00200,28,Masculino,Técnica,Soltero,908811.0,Araucanía,2021-01-31,11,990791,8,10,0,3.0,256
C00201,46,Masculino,Técnica,Casado,601429.0,Valparaíso,2018-10-24,21,635709,6,4,2,4.0,283
C00202,48,Femenino,Universitaria,Casado,514951.0,Metropolitana,2024-02-04,16,753535,8,9,2,4.0,248
C00203,54,Femenino,Postgrado,Casado,1653744.0,Metropolitana,2024-06-20,16,912423,5,9,1,4.0,204
C00204,54,Masculino,Técnica,Viudo,514224.0,Biobío,2020-11-28,16,477539,7,4,3,5.0,86
C00205,25,Femenino,Universitaria,Divorciado,1014887.0,Metropolitana,2018-09-16,12,1343481,4,5,2,4.0,324
C00206,30,Femenino,Universitaria,Soltero,1460987.0,Metropolitana,17/08/2023,19,752123,7,10,0,3.0,164
C00207,48,Femenino,Técnica,Casado,1304279.0,Araucanía,2023-09-28,16,841822,3,9,1,3.0,57
C00208,48,Femenino,Postgrado,Soltero,1453205.0,Metropolitana,2024-01-18,10,1806114,9,6,1,5.0,206
C00209,48,Femenino,Media,Viudo,1326245.0,Metropolitana,2023-03-08,13,864767,9,10,3,4.0,148
C00210,85,Femenino,Media,Casado,2133601.0,Metropolitana,2018-06-25,10,2030856,5,5,3,3.0,301
C00211,48,Masculino,,Viudo,781749.0,Biobío,2020-09-27,16,583896,8,9,1,3.0,279
C00212,55,Masculino,Técnica,Divorciado,884859.0,Biobío,2023-04-03,12,414208,12,10,1,4.0,290
C00213,53,Masculino,Universitaria,Viudo,0.0,Araucanía,2024-11-07,20,672240,4,5,0,3.0,21
C00214,49,Masculino,Universitaria,Viudo,,Metropolitana,2022-07-26,14,147788,9,8,2,4.0,137
C00215,38,Masculino,Media,Divorciado,1799485.0,Biobío,2018-10-03,10,1377559,11,9,0,4.0,10
C00216,51,Masculino,Universitaria,Soltero,1470162.0,Biobío,2024-12-20,17,428920,10,9,1,2.0,308
C00217,32,Masculino,Técnica,Divorciado,2043969.0,Araucanía,2019-11-07,11,552246,7,3,1,4.0,45
C00218,39,Femenino,Técnica,Divorciado,,Valparaíso,2022-12-29,9,1229519,7,8,0,2.0,249
C00219,36,Femenino,Universitaria,Viudo,2541037.0,Metropolitana,2020-11-17,16,859271,11,6,4,3.0,30
C00220,42,Femenino,Universitaria,Soltero,2381615.0,Biobío,2021-09-18,15,614177,6,16,3,3.0,225
C00221,69,Masculino,Media,Casado,1670881.0,Araucanía,2023-10-05,19,235729,16,7,1,4.0,177
C00222,19,Masculino,Técnica,Divorciado,2675486.0,Araucanía,2019-07-01,11,1746024,9,6,1,4.0,96
C00223,50,Femenino,Universitaria,Soltero,569407.0,Araucanía,2021-02-09,19,1234547,5,9,1,3.0,17
C00224,22,Masculino,Universitaria,Divorciado,947735.0,Biobío,2023-09-15,7,2746395,3,6,1,5.0,28
C00225,36,Femenino,,Divorciado,861943.0,Metropolitana,2023-08-03,22,559354,10,6,1,1.0,126
C00226,55,Masculino,Media,Divorciado,1660281.0,Valparaíso,2019-03-15,22,334267,9,14,1,4.0,301
C00227,42,Femenino,Técnica,Divorciado,748082.0,Metropolitana,2022-10-19,18,1453115,9,9,2,4.0,273
C00228,29,Femenino,Técnica,Viudo,1687409.0,Araucanía,2022-06-04,7,714637,3,19,2,4.0,187
C00229,33,Femenino,Universitaria,Soltero,2223456.0,Araucanía,2023-01-24,12,1166209,7,9,0,3.0,142
C00230,50,Femenino,Técnica,Soltero,1640765.0,Valparaíso,2025-03-27,14,2114473,14,13,1,1.0,138
C00231,33,Femenino,Media,Soltero,1363438.0,Metropolitana,2022-05-20,22,1009795,5,7,1,4.0,337
C00232,44,Femenino,Postgrado,Divorciado,769340.0,Araucanía,2022-07-22,14,884472,3,10,1,2.0,229
C00233,42,Masculino,Media,Viudo,819745.0,Araucanía,2018-11-03,17,918381,6,7,0,5.0,214
C00234,34,Masculino,Postgrado,Divorciado,2105704.0,Metropolitana,2019-09-11,16,299544,3,14,0,3.0,274
C00235,67,Femenino,Universitaria,Divorciado,1704085.0,Araucanía,2021-02-06,15,1555316,11,8,1,4.0,291
C00236,49,Masculino,Universitaria,Soltero,1179113.0,Metropolitana,2021-10-27,19,1616249,5,2,0,4.0,58
C00237,18,Masculino,Técnica,Divorciado,,Araucanía,2024-08-01,15,1099877,7,10,2,4.0,18
C00238,44,Femenino,Media,Casado,482250.0,Metropolitana,2024-02-07,20,322263,5,10,0,4.0,180
C00239,34,Femenino,Universitaria,Divorciado,741142.0,Valparaíso,2021-10-11,14,743911,8,3,0,4.0,158
C00240,52,Femenino,Universitaria,Casado,2836185.0,Region Metropolitana,2022-08-27,16,1896427,5,12,0,1.0,256
C00241,32,Femenino,Universitaria,Divorciado,674432.0,Valparaíso,2023-10-17,15,569728,9,10,3,4.0,37
C00242,40,Masculino,Media,Viudo,1306807.0,Araucanía,2024-05-28,13,1628091,7,7,0,2.0,296
C00243,48,Femenino,,Viudo,1888289.0,Araucanía,2025-07-02,12,826888,6,11,0,4.0,262
C00244,52,Masculino,Universitaria,Soltero,682226.0,Biobío,2018-06-30,18,1226738,8,6,2,5.0,79
C00245,27,Masculino,Universitaria,Divorciado,1304006.0,Metropolitana,2024-10-17,13,624734,10,13,0,3.0,154
C00246,37,Femenino,Universitaria,Casado,1830123.0,Valparaíso,2022-01-27,12,841545,3,10,1,4.0,361
C00247,36,Masculino,Universitaria,Casado,1206768.0,Valparaíso,2020-07-02,18,1039651,4,9,1,1.0,347
C00248,34,Femenino,Universitaria,Divorciado,4362751.0,Valparaíso,2022-04-07,13,417661,6,9,0,5.0,158
C00249,63,Masculino,Media,Casado,566347.0,Metropolitana,2023-10-15,15,942899,8,3,1,4.0,75
C00250,46,Femenino,Técnica,Viudo,1932374.0,Biobío,2020-11-10,15,159412,6,7,2,3.0,55
C00251,26,Masculino,Media,Casado,1110222.0,Valparaíso,2022-06-24,3,557638,10,10,1,3.0,206
C00252,53,Masculino,Técnica,Soltero,1698398.0,Metropolitana,2024-08-28,8,1108697,3,4,2,4.0,215
C00253,67,Femenino,Técnica,Viudo,1463615.0,Araucanía,2022-06-27,20,1566766,12,8,1,3.0,9
C00254,54,Masculino,Media,Viudo,,Valparaíso,2022-05-02,22,1062375,9,3,0,3.0,106
C00255,23,Masculino,Técnica,Viudo,1330254.0,RM,2023-09-18,19,347380,7,9,0,4.0,318
C00256,36,Masculino,Media,Divorciado,520100.0,Biobío,2021-08-01,17,1486718,6,8,0,4.0,245
C00257,57,Masculino,Universitaria,Divorciado,1574256.0,Valparaíso,2020-04-01,15,403881,10,8,1,3.0,307
C00258,33,Masculino,Universitaria,Viudo,1372306.0,Valparaíso,2019-08-25,18,1156473,8,8,2,2.0,103
C00259,47,Femenino,Media,Divorciado,1599544.0,Araucanía,2022-06-09,9,412036,6,10,0,5.0,275
C00260,51,Femenino,Postgrado,Casado,1931843.0,Metropolitana,2020-02-24,19,503049,4,10,0,3.0,325
C00261,30,Masculino,Técnica,Divorciado,1415878.0,Metropolitana,2021-04-26,15,450700,11,6,0,4.0,338
C00262,41,Femenino,Técnica,Divorciado,1282693.0,Biobío,2019-11-02,20,869559,8,14,0,4.0,33
C00263,18,Masculino,Media,Viudo,807219.0,Araucanía,2021-06-20,18,711439,18,10,1,3.0,108
C00264,29,Masculino,Técnica,Soltero,870943.0,Metropolitana,2021-01-01,13,1085675,4,7,1,4.0,269
C00265,38,Femenino,Universitaria,Soltero,,Araucanía,2024-12-01,19,791105,6,9,0,4.0,73
C00266,27,Femenino,Universitaria,Soltero,2290276.0,Metropolitana,2023-06-21,21,321786,7,8,0,4.0,346
C00267,61,Masculino,Media,Casado,1078069.0,Araucanía,2025-02-21,17,943974,2,7,0,4.0,181
C00268,24,Femenino,Media,Divorciado,1225100.0,Biobío,2018-04-11,18,277914,6,12,0,,268
C00269,36,Masculino,Técnica,Soltero,798711.0,Valparaíso,2025-01-05,15,470736,6,7,2,4.0,152
C00270,43,Femenino,Técnica,Viudo,2034117.0,Biobío,2022-11-15,11,643076,4,9,1,3.0,68
C00271,59,Masculino,Media,Soltero,1618919.0,Metropolitana,2018-06-25,20,616889,10,3,0,2.0,348
C00272,24,Femenino,Técnica,Soltero,2874473.0,Biobío,2018-08-26,17,297723,5,11,3,1.0,197
C00273,55,Masculino,Universitaria,Divorciado,808217.0,Valparaíso,2021-01-27,12,1821303,8,8,2,,295
C00274,42,Femenino,Universitaria,Divorciado,1012292.0,Biobío,2025-12-28,20,2150409,10,6,4,5.0,32
C00275,30,Masculino,Técnica,Divorciado,1331721.0,Metropolitana,2023-06-01,15,3087375,10,9,1,2.0,108
C00276,47,Femenino,Universitaria,Casado,1605189.0,Metropolitana,2024-12-17,7,1592726,7,8,3,4.0,79
C00277,44,Masculino,Técnica,Casado,1089012.0,Biobío,2023-06-27,14,631023,6,10,1,3.0,259
C00278,34,Masculino,Técnica,Soltero,810170.0,Valparaíso,2022-03-18,13,624532,7,10,2,5.0,175
C00279,42,Femenino,Media,Divorciado,1784172.0,Biobío,2020-01-25,15,604181,5,8,0,3.0,15
C00280,37,Femenino,Universitaria,Soltero,1660024.0,Valparaíso,2024-03-08,8,2633303,5,9,1,,51
C00281,43,Femenino,Postgrado,Viudo,,Araucanía,2021-02-20,20,746418,9,7,0,3.0,107
C00282,49,Masculino,Universitaria,Viudo,2208405.0,Valparaíso,2021-11-12,19,1713256,1,5,0,3.0,210
C00283,61,Masculino,Técnica,Divorciado,2031777.0,Araucanía,2018-05-20,21,1635122,12,6,0,3.0,202
C00284,27,Masculino,Universitaria,Divorciado,1274756.0,Biobío,2019-06-25,15,896358,5,6,3,4.0,277
C00285,67,Femenino,,Viudo,,Valparaíso,2021-11-15,17,334831,11,10,2,4.0,218
C00286,18,Femenino,Universitaria,Divorciado,1539792.0,Araucanía,2018-09-27,12,756165,5,5,1,3.0,41
C00287,40,Masculino,Técnica,Casado,814285.0,Araucanía,2020-11-01,15,873747,9,14,1,2.0,259
C00288,49,Femenino,Técnica,Casado,1216327.0,Araucanía,2023-03-06,20,1722211,2,7,2,4.0,203
C00289,45,M,Técnica,Divorciado,455549.0,Metropolitana,2019-05-21,20,809394,7,5,1,5.0,336
C00290,34,Femenino,Universitaria,Viudo,,Biobío,2021-02-03,9,387396,5,8,0,,99
C00291,39,Masculino,Media,Soltero,594312.0,Araucanía,2023-09-11,16,1447159,2,5,1,4.0,149
C00292,36,Femenino,Universitaria,Divorciado,2360469.0,Valparaíso,2023-02-16,20,697907,14,8,0,3.0,105
C00293,34,Femenino,Media,Divorciado,1034344.0,Araucanía,2020-12-28,11,173722,2,5,0,4.0,203
C00294,52,Masculino,Universitaria,Soltero,1090974.0,Metropolitana,2020-03-23,13,972239,6,10,0,4.0,95
C00295,46,Masculino,Universitaria,Divorciado,904693.0,Biobío,2018-12-28,17,1080386,6,6,0,3.0,177
C00296,33,Otro,Universitaria,Soltero,1054117.0,Metropolitana,2021-12-27,18,482436,8,9,1,4.0,65
C00297,52,Femenino,Técnica,Viudo,2272000.0,Metropolitana,2020-07-17,13,712930,13,7,1,2.0,41
C00298,45,Femenino,Técnica,Casado,391726.0,Metropolitana,2018-04-10,20,1187068,6,3,0,2.0,224
C00299,51,Masculino,Media,Viudo,2131777.0,Valparaíso,2022-08-09,19,976214,4,6,3,1.0,67
C00300,49,Masculino,,Casado,1397146.0,Biobío,2023-08-19,13,313255,6,7,2,3.0,255
C00301,32,Femenino,Técnica,Soltero,,Biobío,2025-07-07,14,1697211,10,9,1,3.0,298
C00302,35,Femenino,Técnica,Casado,739656.0,Valparaíso,2020-11-18,17,2226998,7,6,1,,69
C00303,50,Femenino,Técnica,Viudo,2551543.0,Biobío,2024-11-14,12,589044,7,8,1,4.0,171
C00304,49,Masculino,Media,Casado,784148.0,Metropolitana,2020-07-09,14,254344,12,8,4,5.0,101
C00305,41,Femenino,Universitaria,Soltero,714132.0,Metropolitana,2024-09-03,17,1270644,8,7,2,3.0,140
C00306,43,Femenino,Media,Casado,2001932.0,Valparaíso,2019-09-24,13,534192,9,10,1,3.0,206
C00307,57,Femenino,Universitaria,Divorciado,1397479.0,Metropolitana,2019-11-13,9,1103101,9,15,2,5.0,320
C00308,34,Femenino,Técnica,Viudo,786828.0,Valparaíso,2024-01-14,12,2998639,10,8,1,4.0,364
C00309,48,Femenino,Media,Divorciado,1322868.0,Araucanía,2024-07-10,11,316343,6,9,1,4.0,307
C00310,39,Femenino,Técnica,Soltero,756337.0,Metropolitana,2024-04-26,17,496031,3,5,1,4.0,73
C00311,39,Femenino,Media,Casado,1969325.0,Metropolitana,2023-10-31,12,711890,8,2,1,4.0,60
C00312,55,Masculino,Técnica,Divorciado,1934673.0,Biobío,2020-01-24,13,1736485,6,3,3,2.0,336
C00313,51,Femenino,Universitaria,Divorciado,1524588.0,Metropolitana,2022-01-04,17,6754620,9,5,0,5.0,156
C00314,51,Masculino,Media,Casado,1412087.0,Valparaíso,2019-12-21,16,927843,8,9,0,2.0,124
C00315,57,Masculino,Universitaria,Casado,2650786.0,Biobío,2018-03-16,12,300449,9,7,0,3.0,14
C00316,42,Masculino,Media,Viudo,1199830.0,Araucanía,2021-07-17,14,650212,6,5,1,4.0,264
C00317,50,M,Media,Divorciado,705025.0,Valparaíso,2023-04-07,12,502549,4,10,3,4.0,27
C00318,38,Femenino,Universitaria,Divorciado,1469004.0,Araucanía,2025-04-27,15,1233440,5,14,0,5.0,245
C00319,45,Femenino,Técnica,Soltero,3068051.0,Araucanía,2018-03-03,22,1002991,6,6,1,1.0,50
C00320,40,Masculino,Media,Viudo,760088.0,Araucanía,2020-05-23,17,428171,7,9,1,4.0,187
C00321,43,Otro,Técnica,Soltero,1019857.0,Metropolitana,2018-11-16,19,485180,8,8,3,4.0,57
C00322,49,Masculino,Técnica,Divorciado,1447332.0,Valparaíso,2023-11-20,14,644566,8,4,0,3.0,259
C00323,32,Masculino,Universitaria,Soltero,1171241.0,Valparaíso,2021-12-23,13,692976,6,5,0,4.0,155
C00324,67,Masculino,Técnica,Divorciado,771271.0,Metropolitana,2020-05-23,12,780003,10,9,0,4.0,34
C00325,29,Femenino,Universitaria,Divorciado,,Biobío,2022-10-12,21,823806,5,8,0,4.0,26
C00326,27,Femenino,Universitaria,Soltero,3408730.0,Araucanía,2024-04-21,16,1678275,6,12,2,5.0,250
C00327,55,Masculino,Técnica,Soltero,1310725.0,Valparaíso,2022-04-05,14,630734,8,6,5,4.0,86
C00328,51,Masculino,Universitaria,Casado,,Metropolitana,2025-03-02,12,577363,5,12,2,5.0,160
C00329,49,Femenino,Técnica,Casado,597673.0,Araucanía,2018-04-22,17,358291,4,6,0,4.0,200
C00330,49,Masculino,Postgrado,Casado,1347715.0,Biobío,2019-04-06,13,699451,10,9,1,4.0,106
C00331,41,Femenino,Media,Divorciado,1972035.0,Biobío,2025-07-18,15,932929,1,4,2,5.0,275
C00332,31,Masculino,Universitaria,Soltero,1486087.0,Araucanía,2020-06-05,20,284335,7,8,0,3.0,289
C00333,42,Femenino,Técnica,Viudo,1198702.0,Biobío,2021-01-20,14,651419,12,12,1,5.0,258
C00334,33,Femenino,Técnica,Divorciado,920488.0,Valparaíso,2020-12-11,12,1604854,6,5,0,3.0,220
C00335,53,Masculino,Universitaria,Viudo,734069.0,Valparaíso,2019-06-04,16,1180384,9,5,1,5.0,15
C00336,40,Femenino,Universitaria,Soltero,,Valparaíso,2020-03-22,12,1000916,3,13,1,4.0,21
C00337,32,Masculino,Media,Divorciado,1810347.0,Biobío,2024-04-02,18,1161350,6,5,2,5.0,334
C00338,38,Masculino,Media,Viudo,598543.0,Valparaíso,2023-04-09,6,567016,7,5,2,5.0,59
C00339,46,Masculino,,Viudo,2454073.0,Metropolitana,2022-05-24,13,523459,8,7,1,4.0,360
C00340,35,Femenino,Universitaria,Casado,1553722.0,Valparaíso,2020-07-15,17,1716009,6,8,1,4.0,82
C00341,32,Femenino,Postgrado,Casado,2252721.0,Valparaíso,2019-07-11,26,1315267,7,4,1,4.0,118
C00342,44,Femenino,Universitaria,Casado,655972.0,Biobío,2025-05-20,11,511244,7,5,0,3.0,113
C00343,44,Otro,Postgrado,Divorciado,649015.0,Valparaíso,2024-03-31,15,259142,8,4,4,1.0,295
C00344,35,Masculino,Universitaria,Soltero,1122193.0,Araucanía,2020-11-21,18,517651,10,7,1,4.0,276
C00345,36,Masculino,Técnica,Soltero,1504671.0,Metropolitana,2019-08-02,9,1108465,7,7,0,4.0,257
C00346,44,Masculino,Media,Casado,2693075.0,Biobío,2019-06-26,13,538967,12,17,0,3.0,329
C00347,24,Masculino,Universitaria,Casado,1648815.0,Metropolitana,2023-12-02,15,975209,9,7,1,3.0,265
C00348,25,Masculino,Universitaria,Casado,1075854.0,Araucanía,05-11-2022,16,1875206,6,6,1,2.0,235
C00349,33,Femenino,Media,Viudo,756128.0,Biobío,2020-11-18,18,756570,6,9,0,3.0,51
C00350,39,Masculino,Técnica,Casado,2087196.0,Biobío,2025-05-14,15,920565,7,7,1,3.0,166
C00351,45,Femenino,Postgrado,Viudo,777403.0,Valparaíso,2019-04-19,16,1206590,11,7,2,3.0,231
C00352,59,Masculino,Técnica,Soltero,2497105.0,Metropolitana,2025-07-07,18,417949,11,14,2,3.0,221
C00353,52,Masculino,,Divorciado,1055852.0,Araucanía,2024-04-19,22,503096,6,9,2,4.0,271
C00354,40,Masculino,Técnica,Divorciado,2454893.0,Araucanía,2020-06-23,18,1236831,8,11,0,3.0,84
C00355,41,Femenino,Media,Divorciado,1628795.0,RM,2023-04-30,15,817942,6,6,1,5.0,230
C00356,29,Femenino,Técnica,Divorciado,,Valparaíso,2019-01-21,16,860631,3,4,0,4.0,297
C00357,41,Femenino,Técnica,Viudo,949892.0,Biobío,2018-03-03,15,816137,7,7,2,2.0,222
C00358,38,Femenino,Media,Viudo,1029335.0,Biobío,2019-05-30,13,1438833,8,8,0,3.0,154
C00359,45,Femenino,Universitaria,Casado,1455084.0,Biobío,2019-03-06,12,1039026,6,5,1,4.0,54
C00360,32,Masculino,,Viudo,1242396.0,Biobío,2019-08-03,19,1047229,6,5,4,1.0,119
C00361,48,Masculino,Universitaria,Casado,918610.0,Araucanía,2022-04-10,15,1665583,7,16,0,5.0,198
C00362,60,Femenino,Universitaria,Casado,1113810.0,Araucanía,2021-03-10,18,2097614,7,7,2,4.0,273
C00363,40,Femenino,Media,Divorciado,1243190.0,Biobío,2025-08-22,18,3074097,11,7,0,4.0,198
C00364,46,Femenino,Universitaria,Viudo,460423.0,Biobío,2021-08-16,20,565213,5,7,1,,128
C00365,50,Masculino,Técnica,Viudo,1474762.0,Valparaíso,2025-06-15,14,3520140,9,7,0,4.0,92
C00366,37,Femenino,,Casado,772168.0,Biobío,2024-06-16,16,414282,7,8,1,5.0,9
C00367,44,Masculino,Media,Casado,714138.0,Araucanía,2019-04-16,18,2554879,10,6,0,5.0,227
C00368,42,Femenino,,Soltero,561589.0,Metropolitana,2021-11-17,13,546883,6,9,2,5.0,46
C00369,43,Otro,Universitaria,Soltero,535298.0,Araucanía,2022-07-24,13,767583,6,4,1,5.0,134
C00370,32,Masculino,Técnica,Casado,652052.0,Valparaíso,2022-01-08,14,808966,7,6,1,3.0,16
C00371,42,Femenino,Media,Soltero,872198.0,Araucanía,2020-03-19,10,475529,8,12,0,3.0,215
C00372,47,Masculino,Universitaria,Soltero,2890091.0,Metropolitana,2018-06-21,15,842726,7,9,2,3.0,112
C00373,59,Femenino,Universitaria,Casado,947124.0,Biobío,2025-03-08,15,490491,9,4,2,5.0,343
C00374,53,Masculino,Técnica,Casado,1299928.0,Metropolitana,2018-01-31,10,381322,8,15,3,3.0,157
C00375,67,Femenino,Universitaria,Viudo,,Biobío,2018-02-16,21,781626,3,10,1,2.0,318
C00376,32,Masculino,Técnica,Casado,1272903.0,Santiago,2018-05-10,18,2076705,3,6,0,4.0,360
C00377,52,Masculino,Universitaria,Casado,1158900.0,Araucanía,2024-07-27,12,686907,10,10,3,3.0,296
C00378,44,Masculino,Media,Divorciado,700780.0,Araucanía,2020-09-04,15,1407012,7,11,0,4.0,198
C00379,68,Masculino,Universitaria,Viudo,2305364.0,Araucanía,2022-07-04,18,481647,8,14,2,5.0,58
C00380,32,Femenino,Técnica,Viudo,2706239.0,Valparaíso,2022-05-24,20,370378,10,5,1,4.0,78
C00381,31,Femenino,Técnica,Viudo,562775.0,Araucanía,2018-02-27,21,1050401,4,7,3,4.0,242
C00382,34,Femenino,Media,Divorciado,756924.0,Valparaíso,2021-02-03,15,2293832,9,5,2,4.0,99
C00383,18,Femenino,Media,Casado,1058028.0,Araucanía,2025-10-30,18,906856,11,6,0,4.0,6
C00384,35,Masculino,Técnica,Viudo,777462.0,Biobío,2021-09-15,20,1313696,7,13,0,,279
C00385,32,Femenino,Técnica,Viudo,1506826.0,Valparaíso,2020-02-07,9,1961934,7,14,1,4.0,318
C00386,43,Masculino,Universitaria,Soltero,,Metropolitana,2019-11-14,9,782656,6,9,3,1.0,212
C00387,46,Masculino,Media,Viudo,3179095.0,Valparaíso,2023-07-02,14,730240,6,6,2,4.0,273
C00388,64,Masculino,Técnica,Casado,2050468.0,Valparaíso,2024-05-22,26,1061952,6,10,3,4.0,84
C00389,53,Femenino,Técnica,Casado,1320459.0,Metropolitana,2022-11-26,20,1181598,6,12,1,3.0,112
C00390,35,Masculino,Media,Soltero,1904968.0,Valparaíso,2022-01-17,16,345580,7,13,1,4.0,198
C00391,31,Masculino,Media,Viudo,1973831.0,Biobío,2020-06-04,16,955320,9,5,1,4.0,360
C00392,47,Femenino,Técnica,Viudo,931038.0,Araucanía,2019-02-01,18,-15000,6,4,0,,28
C00393,26,FEMENINO,Técnica,Viudo,831124.0,Metropolitana,2022-03-19,21,498149,9,8,3,3.0,141
C00394,63,Masculino,Técnica,Divorciado,1242947.0,Araucanía,2023-09-05,10,767183,3,11,4,4.0,173
C00395,56,Femenino,Técnica,Viudo,1768369.0,Biobío,2018-11-09,17,397588,9,9,2,4.0,20
C00396,36,Femenino,Técnica,Casado,1277491.0,Metropolitana,2023-12-14,7,323130,8,9,1,4.0,117
C00397,21,Femenino,Media,Casado,590180.0,Araucanía,2022-05-08,15,832739,7,12,0,4.0,54
C00398,58,Femenino,Técnica,Divorciado,836148.0,Araucanía,2021-05-06,13,1374517,10,7,1,4.0,227
C00399,40,Femenino,Postgrado,Divorciado,,Biobío,2020-03-21,16,649522,7,8,2,5.0,109
C00400,56,Femenino,Técnica,Viudo,1159828.0,Araucanía,2024-02-14,19,449517,5,8,3,3.0,231
C00401,22,Femenino,Universitaria,Soltero,2915279.0,Biobío,2025-07-08,19,493455,8,4,1,5.0,320
C00402,34,Femenino,Técnica,Divorciado,643152.0,Valparaíso,2025-10-28,13,1112070,8,7,1,4.0,308
C00403,42,Masculino,Universitaria,Divorciado,1506571.0,Biobío,2025-07-26,8,2175563,8,7,1,4.0,229
C00404,42,Masculino,Universitaria,Viudo,,Valparaíso,2023-07-26,14,1270143,11,13,0,4.0,299
C00405,36,Masculino,Técnica,Viudo,,Metropolitana,2022-02-16,21,1746007,7,7,0,3.0,87
C00406,49,Femenino,Postgrado,Divorciado,,Araucanía,2019-03-26,10,426681,5,9,0,4.0,274
C00407,29,Femenino,Media,Soltero,1497002.0,Biobío,2025-01-14,17,765289,11,7,1,3.0,228
C00408,40,Femenino,Media,Divorciado,1550711.0,Biobío,2023-03-10,17,1474134,10,10,1,3.0,340
C00409,43,Femenino,Universitaria,Viudo,1310342.0,Araucanía,2021-10-09,15,345538,11,7,0,4.0,310
C00410,48,Femenino,Universitaria,Viudo,1147793.0,Araucanía,2025-05-29,23,538931,11,11,1,3.0,316
C00411,50,Masculino,Media,Divorciado,1460108.0,Metropolitana,2019-08-20,15,1407855,9,5,1,3.0,71
C00412,28,Hombre,Técnica,Soltero,,Metropolitana,2023-11-18,17,934178,7,10,1,5.0,228
C00413,23,Masculino,Media,Divorciado,1631097.0,Biobío,2019-09-08,21,448336,8,10,0,5.0,113
C00414,57,Masculino,Técnica,Divorciado,1270107.0,Metropolitana,2020-08-05,19,300701,5,6,1,4.0,293
C00415,45,Femenino,Universitaria,Viudo,1085681.0,Valparaíso,2022-05-01,12,1784691,3,9,4,5.0,305
C00416,33,Femenino,Técnica,Soltero,3014426.0,Metropolitana,2019-07-10,17,233359,7,10,1,5.0,291
C00417,60,Masculino,Técnica,Casado,885680.0,Metropolitana,2018-10-05,12,1169169,3,10,2,4.0,105
C00418,43,Femenino,Técnica,Soltero,1000937.0,Biobío,05-11-2022,15,581019,4,5,0,5.0,291
C00419,56,Femenino,Media,Divorciado,2940326.0,Valparaíso,2019-05-06,10,1499448,9,13,4,3.0,9
C00420,42,Otro,Técnica,Divorciado,825219.0,Metropolitana,2018-09-12,18,428085,6,6,2,4.0,165
C00421,66,Femenino,Universitaria,Divorciado,,Valparaíso,2024-08-25,10,3841011,8,6,0,2.0,60
C00422,63,Masculino,Postgrado,Soltero,1123175.0,Valparaíso,2020-06-10,20,1018403,7,6,2,4.0,312
C00423,39,Otro,,Viudo,1751814.0,Valparaíso,2019-06-26,16,1124229,9,8,3,5.0,106
C00424,53,Femenino,Media,Divorciado,1317627.0,Araucanía,2021-07-11,18,503097,6,7,1,4.0,111
C00425,49,Femenino,Universitaria,Divorciado,670749.0,Araucanía,2022-06-22,12,738472,8,10,2,4.0,89
C00426,58,Femenino,Universitaria,Soltero,944448.0,Araucanía,2020-04-04,16,750051,9,8,0,5.0,268
C00427,30,Femenino,Universitaria,Casado,913028.0,Araucanía,2021-09-14,11,2350192,2,8,2,5.0,230
C00428,50,Femenino,Técnica,Casado,1159016.0,Biobío,2018-10-08,10,1017351,10,5,0,2.0,327
C00429,54,Masculino,Técnica,Viudo,1453466.0,Metropolitana,2021-07-22,19,1108662,5,8,0,5.0,71
C00430,20,Femenino,Técnica,Viudo,,Araucanía,2020-02-12,14,1101249,10,9,1,3.0,119
C00431,27,Femenino,Media,Divorciado,,Metropolitana,2025-11-30,10,1166517,9,4,0,4.0,351
C00432,18,Otro,Media,Soltero,1936912.0,Metropolitana,2025-07-29,17,347560,8,11,0,3.0,306
C00433,38,Masculino,Media,Divorciado,1344439.0,Araucanía,24/11/2018,16,2735781,5,10,1,2.0,103
C00434,50,Masculino,Técnica,Viudo,2237504.0,Metropolitana,2024-03-08,17,472538,6,12,1,3.0,202
C00435,60,Femenino,Universitaria,Soltero,1465520.0,Araucanía,2025-08-06,18,781776,12,4,1,4.0,23
C00436,42,Masculino,Técnica,Soltero,1969770.0,Biobío,2020-07-11,12,2005204,7,12,0,4.0,90
C00437,61,Masculino,Media,Viudo,1480332.0,Valparaíso,2019-07-06,17,2553925,8,11,0,2.0,93
C00438,25,Femenino,Postgrado,Casado,2199264.0,Valparaíso,2023-09-05,11,1297486,8,11,3,5.0,264
C00439,21,Femenino,Universitaria,Casado,1517909.0,Metropolitana,2023-09-06,15,590987,7,9,2,5.0,285
C00440,41,Masculino,Universitaria,Soltero,1148273.0,Biobío,2019-12-03,17,863723,9,10,1,4.0,171
C00441,46,Femenino,Postgrado,Divorciado,3336482.0,Valparaíso,2023-04-04,12,884296,3,6,2,4.0,309
C00442,41,Femenino,Técnica,Casado,1790309.0,Araucanía,2025-06-22,12,903292,5,6,1,4.0,221
C00443,18,Femenino,Postgrado,Divorciado,1553493.0,Santiago,2024-09-26,10,382443,10,13,2,1.0,24
C00444,40,Femenino,Media,Casado,675693.0,Metropolitana,2018-06-16,12,1703904,5,11,2,3.0,202
C00445,26,Masculino,Técnica,Casado,,Metropolitana,2018-06-18,17,867282,0,9,1,5.0,124
C00446,50,Masculino,Media,Divorciado,25000000.0,Biobío,2018-08-17,16,518676,11,6,0,1.0,142
C00447,46,Masculino,,Viudo,1281211.0,Santiago,2023-06-26,18,593226,11,7,2,5.0,52
C00448,30,Femenino,Media,Casado,,Valparaíso,2019-01-02,11,940603,8,7,0,2.0,70
C00449,35,Femenino,Universitaria,Casado,1278597.0,Valparaíso,2019-06-12,16,344766,6,9,0,2.0,260
C00450,29,Femenino,Universitaria,Divorciado,2452734.0,Valparaíso,2020-03-01,19,1355157,7,5,2,3.0,186
C00451,41,Femenino,Técnica,Viudo,1640912.0,Valparaíso,2019-06-08,13,920990,7,8,2,4.0,207
C00452,53,Femenino,Media,Casado,718110.0,Biobío,2020-12-31,10,2046784,10,11,1,4.0,293
C00453,30,Masculino,Universitaria,Casado,1141271.0,Araucanía,2022-07-27,15,838120,4,7,1,2.0,304
C00454,48,Femenino,Universitaria,Viudo,835342.0,RM,2023-11-24,15,417152,8,8,0,4.0,39
C00455,35,Masculino,Técnica,Casado,1007887.0,Biobío,2025-08-11,13,389915,7,4,1,5.0,348
C00456,32,Femenino,Universitaria,Viudo,-500000.0,Metropolitana,2023-03-24,9,632821,5,10,1,4.0,66
C00457,40,Femenino,Técnica,Viudo,,Araucanía,2021-07-29,13,674295,11,8,2,2.0,13
C00458,29,M,Técnica,Divorciado,,RM,2018-05-13,13,569212,7,8,2,2.0,194
C00459,35,Masculino,Universitaria,Soltero,1133009.0,Araucanía,2025-01-25,20,864109,6,10,1,4.0,316
C00460,27,Masculino,Técnica,Viudo,932438.0,Metropolitana,2024-05-05,11,560610,8,9,0,4.0,288
C00461,65,Masculino,Técnica,Divorciado,321123.0,Biobío,2025-06-13,16,931815,8,6,0,5.0,133
C00462,42,Femenino,Universitaria,Soltero,,Valparaíso,2022-07-01,11,585357,4,13,1,4.0,195
C00463,33,Femenino,Universitaria,Casado,1958674.0,Metropolitana,2025-10-09,10,1168684,6,13,1,2.0,322
C00464,44,Masculino,Media,Soltero,1013070.0,Valparaíso,04/03/2023,15,664179,4,11,1,4.0,78
C00465,40,Femenino,,Viudo,1210205.0,Metropolitana,2022-11-06,17,1689749,8,8,0,4.0,250
C00466,39,Masculino,Media,Viudo,708274.0,Metropolitana,2018-01-18,11,1183212,8,6,0,3.0,232
C00467,120,Femenino,Universitaria,Viudo,2573834.0,Metropolitana,2022-11-13,15,898532,4,5,2,5.0,180
C00468,51,Femenino,Técnica,Viudo,2818208.0,Metropolitana,2018-04-27,21,706275,7,5,4,4.0,177
C00469,35,Femenino,,Viudo,1287669.0,Metropolitana,2020-03-08,14,321566,5,7,0,4.0,29
C00470,35,Femenino,Postgrado,Divorciado,1902008.0,Valparaíso,2025-02-11,11,1868219,6,8,1,3.0,166
C00471,38,Masculino,Técnica,Viudo,1298488.0,Metropolitana,2022-09-08,14,531735,5,7,1,3.0,326
C00472,18,Femenino,Media,Divorciado,657569.0,Valparaíso,2020-01-23,15,844758,5,9,0,4.0,226
C00473,23,Femenino,Técnica,Casado,997005.0,Biobío,2024-10-05,25,983280,8,7,0,4.0,136
C00474,58,Femenino,Universitaria,Viudo,1273398.0,Araucanía,2021-10-24,16,716590,4,7,3,1.0,187
C00475,61,Femenino,Media,Viudo,978020.0,Metropolitana,2025-05-17,21,1803297,7,10,1,3.0,55
C00476,39,Masculino,Técnica,Soltero,1087550.0,Araucanía,2025-02-18,19,384440,7,5,1,4.0,2
C00477,48,Masculino,Universitaria,Casado,1151645.0,Valparaíso,2023-09-29,12,2264190,10,8,3,5.0,319
C00478,45,femenino,Técnica,Viudo,1157110.0,Biobío,2019-11-09,13,1196967,7,9,2,3.0,17
C00479,78,Masculino,Técnica,Viudo,1228554.0,Biobío,2018-04-16,16,690046,5,11,1,4.0,59
C00480,55,Femenino,Técnica,Casado,744568.0,Biobío,2019-10-20,20,694695,10,9,2,3.0,88
C00481,40,Masculino,Media,Divorciado,869066.0,Araucanía,2023-05-01,15,211562,9,8,0,4.0,223
C00482,30,Femenino,Media,Viudo,,Valparaíso,2021-12-19,9,480906,4,8,0,4.0,272
C00483,22,Femenino,Técnica,Soltero,1863280.0,Metropolitana,2020-12-31,18,646950,9,5,1,2.0,58
C00484,44,Masculino,Media,Viudo,465231.0,Metropolitana,14/09/2020,18,889157,4,6,0,4.0,192
C00485,32,Femenino,Media,Soltero,,Valparaíso,2025-11-29,22,1703364,7,10,0,3.0,50
C00486,24,Masculino,Universitaria,Soltero,2239334.0,Araucanía,2022-12-14,17,2716607,4,14,0,3.0,213
C00487,34,Femenino,Postgrado,Viudo,1047430.0,Metropolitana,2022-11-18,12,941968,11,7,2,4.0,230
C00488,29,Masculino,Universitaria,Viudo,371914.0,Valparaíso,2019-03-22,16,905038,7,8,0,4.0,154
C00489,62,Masculino,Universitaria,Soltero,1019927.0,Metropolitana,2023-05-03,14,596095,5,9,2,4.0,273
C00490,52,Masculino,Media,Casado,1165836.0,Biobío,2023-10-19,27,285874,4,5,0,2.0,46
C00491,41,Masculino,Postgrado,Casado,761513.0,Metropolitana,2023-06-21,19,556206,8,16,3,4.0,362
C00492,59,Masculino,Media,Viudo,951679.0,Araucanía,2024-01-07,17,707198,5,12,4,2.0,306
C00493,42,Femenino,Postgrado,Divorciado,2389082.0,Valparaíso,2020-02-13,20,1436332,8,7,1,3.0,118
C00494,31,Femenino,Postgrado,Casado,1618563.0,Araucanía,2022-04-11,11,1092605,6,13,3,4.0,176
C00495,60,Femenino,Universitaria,Viudo,791573.0,Valparaíso,2022-08-03,18,913733,2,6,0,4.0,68
C00496,48,Masculino,Postgrado,Casado,584734.0,Biobío,2021-01-27,13,564607,7,9,0,5.0,251
C00497,29,Femenino,Técnica,Divorciado,1035789.0,Valparaíso,2021-07-25,13,243554,7,6,0,4.0,230
C00498,39,Masculino,Técnica,Viudo,1090096.0,Metropolitana,2022-05-06,22,252537,9,3,0,3.0,200
C00499,31,Femenino,Técnica,Divorciado,,Metropolitana,2022-08-14,18,294821,5,11,2,5.0,146
C00500,25,femenino,Técnica,Viudo,,Metropolitana,2020-08-01,20,671428,6,5,3,3.0,51
C00501,53,Masculino,Media,Divorciado,1510584.0,Valparaíso,2019-03-31,12,1452495,5,6,0,3.0,186
C00502,64,Femenino,Universitaria,Casado,2866640.0,Biobío,2021-02-01,19,1429172,4,8,1,4.0,320
C00503,25,Femenino,Postgrado,Casado,1732034.0,Metropolitana,2020-08-03,14,1287993,8,12,3,5.0,199
C00504,48,Femenino,Media,Divorciado,1174311.0,Araucanía,2019-08-24,5,587310,5,5,2,4.0,145
C00505,34,Masculino,Universitaria,Divorciado,1105064.0,Biobío,2025-05-24,18,1589491,7,6,0,4.0,59
C00506,36,Masculino,Universitaria,Divorciado,1022058.0,Araucanía,2019-12-26,14,457588,5,9,1,4.0,195
C00507,34,Femenino,Universitaria,Viudo,2041347.0,Araucanía,2024-03-30,23,1334948,13,12,1,4.0,143
C00508,31,Femenino,Postgrado,Casado,904865.0,Region Metropolitana,2024/13/01,9,292910,7,6,1,4.0,223
C00509,42,Femenino,Técnica,Viudo,1224670.0,Biobío,2022-03-05,15,394786,7,8,2,3.0,100
C00510,32,Masculino,Postgrado,Casado,1227967.0,Araucanía,2018-09-08,15,2156368,7,6,0,3.0,26
C00511,45,Masculino,Universitaria,Soltero,957450.0,Araucanía,2022-03-25,17,707905,7,7,0,,14
C00512,41,FEMENINO,Media,Viudo,647078.0,Valparaíso,2018-03-20,12,531673,6,4,0,5.0,122
C00513,39,Femenino,Técnica,Casado,1387717.0,Valparaíso,2020-06-16,19,1550398,5,13,1,4.0,265
C00514,31,Femenino,Universitaria,Casado,1167505.0,Santiago,2020-02-20,16,1660766,14,6,1,4.0,7
C00515,35,Masculino,Media,Viudo,1502949.0,Araucanía,2018-08-14,12,616860,9,10,0,1.0,219
C00516,51,Masculino,Universitaria,Viudo,943840.0,Metropolitana,2020-12-10,13,945477,8,11,2,3.0,220
C00517,48,Femenino,Universitaria,Casado,2078592.0,Araucanía,2021-04-24,12,868490,9,11,0,5.0,183
C00518,30,Femenino,Media,Viudo,808781.0,Metropolitana,2020-11-23,16,146694,7,9,0,3.0,108
C00519,43,Femenino,Técnica,Divorciado,2592803.0,Valparaíso,2020-03-13,12,346227,5,8,1,4.0,347
C00520,51,Masculino,Universitaria,Viudo,546557.0,Biobío,2020-01-12,15,1408054,11,6,0,3.0,124
C00521,21,FEMENINO,Técnica,Viudo,1459316.0,Valparaíso,2023-12-19,18,485436,8,8,2,4.0,170
C00522,48,Masculino,,Viudo,1486263.0,Metropolitana,2025-05-03,18,1099394,4,6,1,4.0,257
C00523,34,Masculino,Media,Casado,838887.0,Metropolitana,2025-11-25,17,936768,5,6,2,4.0,9
C00524,48,Femenino,Técnica,Divorciado,1452518.0,Biobío,2025-09-07,14,1658835,12,5,2,4.0,280
C00525,32,Femenino,Universitaria,Soltero,2134227.0,Araucanía,2019-12-05,19,352953,10,7,3,4.0,125
C00526,20,Femenino,Media,Soltero,442530.0,Metropolitana,2024-12-19,19,1013469,11,6,1,4.0,162
C00527,22,Masculino,Universitaria,Divorciado,1504644.0,Metropolitana,2021-11-27,12,769209,14,5,1,5.0,36
C00528,42,Masculino,Media,Divorciado,390764.0,Metropolitana,2024-06-28,13,498073,5,6,0,4.0,4
C00529,45,Masculino,,Divorciado,777067.0,Biobío,2019-09-07,19,495979,6,8,2,3.0,87
C00530,31,Masculino,Universitaria,Casado,2497890.0,Valparaíso,2018-11-25,21,916993,6,9,1,4.0,264
C00531,49,Femenino,Universitaria,Soltero,923596.0,Metropolitana,2021-10-27,20,1167259,6,9,1,,91
C00532,22,Masculino,Media,Divorciado,707565.0,Biobío,2022-01-23,16,831116,12,9,3,5.0,295
C00533,41,Masculino,Técnica,Casado,1097735.0,Metropolitana,2018-05-13,15,846779,6,9,1,3.0,58
C00534,27,Femenino,Media,Soltero,3043108.0,Araucanía,2020-04-14,17,593190,6,5,0,3.0,140
C00535,34,Masculino,Técnica,Viudo,526272.0,Biobío,2025-05-22,11,617266,6,7,1,,172
C00536,42,Masculino,Universitaria,Casado,,Metropolitana,2018-05-01,9,497268,5,10,0,5.0,260
C00537,31,Masculino,Media,Soltero,2354117.0,Metropolitana,2025-04-07,13,586076,5,8,0,4.0,25
C00538,37,Masculino,Técnica,Casado,2768450.0,Metropolitana,2022-01-15,13,1143006,6,7,0,1.0,198
C00539,54,Masculino,Técnica,Soltero,1145427.0,Valparaíso,2020-08-22,14,1222257,4,9,2,3.0,67
C00540,35,Masculino,Universitaria,Soltero,687115.0,Metropolitana,2018-05-09,16,372071,11,9,1,3.0,118
C00541,52,Femenino,Postgrado,Viudo,3081606.0,Biobío,2022-05-18,15,467196,8,7,1,4.0,280
C00542,28,Femenino,Media,Casado,2459161.0,Araucanía,2023-09-08,22,522368,9,6,4,3.0,6
C00543,48,Masculino,Universitaria,Divorciado,,Araucanía,01/08/2025,10,769845,6,7,2,5.0,97
C00544,59,Femenino,Técnica,Viudo,,Araucanía,2022-03-28,6,291406,6,10,2,1.0,72
C00545,18,Femenino,Técnica,Viudo,1173814.0,Metropolitana,2018-11-29,11,472136,7,6,3,4.0,258
C00546,32,Femenino,Universitaria,Soltero,1116456.0,Valparaíso,2021-02-27,17,348369,9,9,1,4.0,38
C00547,48,Femenino,Universitaria,Divorciado,1392644.0,Metropolitana,2021-08-09,15,1017293,1,9,1,4.0,296
C00548,39,Masculino,Postgrado,Casado,2305441.0,Araucanía,2021-04-11,18,785882,8,3,1,4.0,56
C00549,46,Masculino,Técnica,Divorciado,1782575.0,Metropolitana,2021-11-30,21,606123,4,7,1,4.0,103
C00550,34,Femenino,Técnica,Divorciado,738970.0,Araucanía,2018-12-22,11,422692,5,10,0,5.0,103
C00551,43,Femenino,Universitaria,Divorciado,2229427.0,Biobío,2018-05-19,18,611768,8,5,1,4.0,216
C00552,40,Femenino,Técnica,Divorciado,1381584.0,Valparaíso,2022-03-07,19,570091,10,9,0,1.0,21
C00553,56,Masculino,Técnica,Divorciado,1634768.0,Biobío,2021-04-12,13,2133270,13,7,2,1.0,115
C00554,45,Masculino,Técnica,Soltero,,Metropolitana,2018-01-29,19,1455090,7,4,4,5.0,210
C00555,46,Femenino,Universitaria,Soltero,727683.0,Metropolitana,2020-07-19,18,528576,9,7,1,4.0,291
C00556,37,Masculino,Media,Viudo,1180809.0,Metropolitana,2024-12-18,22,883356,3,7,1,5.0,203
C00557,36,Masculino,Media,Soltero,944751.0,Biobío,2020-10-10,12,1409706,6,9,2,4.0,323
C00558,36,Masculino,Universitaria,Viudo,592612.0,Metropolitana,2025-05-26,22,528479,10,4,2,,188
C00559,46,Masculino,,Viudo,1402618.0,Metropolitana,2020-04-07,16,341840,5,7,1,4.0,151
C00560,36,Femenino,Técnica,Casado,3715532.0,Metropolitana,2018-12-17,18,272188,7,10,2,,191
C00561,45,Masculino,Media,Divorciado,,Valparaíso,2025-02-14,12,1716378,4,6,0,4.0,214
C00562,66,Femenino,Media,Soltero,1182694.0,Biobío,2023-07-18,16,713351,7,5,0,5.0,42
C00563,52,Masculino,Media,Casado,,Biobío,2018-10-26,16,952801,3,7,1,4.0,194
C00564,38,Masculino,Media,Soltero,1268337.0,Araucanía,2022-10-10,16,566835,7,7,0,3.0,250
C00565,56,Masculino,Universitaria,Viudo,1140439.0,Biobío,2023-02-09,14,373856,4,11,1,4.0,81
C00566,37,Masculino,Técnica,Soltero,,Valparaíso,2021-04-30,21,418146,10,10,2,4.0,41
C00567,18,Femenino,Postgrado,Divorciado,1332524.0,Santiago,2022-08-23,18,357805,4,5,0,4.0,20
C00568,29,Masculino,Técnica,Viudo,,Valparaíso,2023-10-13,17,1332228,8,3,2,4.0,9
C00569,19,Otro,Técnica,Viudo,447918.0,Region Metropolitana,2020-01-25,13,1958919,7,1,1,0,313
C00570,37,Masculino,Técnica,Casado,2054203.0,Biobío,2020-02-09,15,818078,6,5,1,4.0,124
C00571,42,Femenino,,Divorciado,1847059.0,Araucanía,2021-05-23,9,321800,7,6,2,4.0,203
C00572,62,Femenino,Universitaria,Viudo,1228223.0,Metropolitana,2020-04-13,14,1077676,8,6,0,4.0,78
C00573,45,Femenino,Técnica,Divorciado,,Metropolitana,2024-01-23,16,1708895,8,13,0,3.0,210
C00574,39,Masculino,Técnica,Soltero,1945977.0,Biobío,2023-03-22,10,1433123,12,6,2,4.0,18
C00575,51,Masculino,Universitaria,Divorciado,1327469.0,Biobío,2022-04-14,10,786138,7,11,2,4.0,236
C00576,18,Femenino,Universitaria,Viudo,1802418.0,Valparaíso,2021-05-03,7,695007,6,7,1,1.0,319
C00577,44,Femenino,Universitaria,Casado,1049647.0,Biobío,2019-05-21,11,782357,6,11,0,5.0,200
C00578,51,Masculino,Técnica,Viudo,2165636.0,Valparaíso,2021-09-19,7,1668634,12,11,1,3.0,349
C00579,24,Masculino,Universitaria,Divorciado,1386351.0,Araucanía,2025-10-11,17,1262477,6,6,2,2.0,282
C00580,55,Masculino,Técnica,Divorciado,1309499.0,Biobío,2025-11-20,19,634703,11,5,0,4.0,252
C00581,46,Masculino,Técnica,Viudo,677594.0,Metropolitana,2021-12-31,25,625194,15,11,1,3.0,340
C00582,37,Femenino,Media,Divorciado,1365405.0,Metropolitana,2025-12-15,13,599199,9,4,0,4.0,239
C00583,49,Femenino,Técnica,Soltero,825258.0,Biobío,2021-11-17,16,422349,5,10,2,4.0,269
C00584,69,Masculino,,Viudo,900409.0,Valparaíso,2025-10-24,18,1800310,5,8,3,3.0,119
C00585,44,Masculino,Técnica,Casado,831438.0,Metropolitana,2021-03-18,10,498656,7,9,0,5.0,282
C00586,44,Masculino,Universitaria,Viudo,742684.0,Valparaíso,2020-01-31,10,1073604,12,4,0,3.0,337
C00587,36,Masculino,,Soltero,3121983.0,Biobío,2020-04-12,14,537944,13,8,0,4.0,345
C00588,31,Masculino,Media,Soltero,2184581.0,Biobío,2021-11-29,10,600809,7,6,0,5.0,7
C00589,51,Femenino,Media,Soltero,2847629.0,Metropolitana,2018-10-10,15,747162,7,8,2,4.0,273
C00590,31,Femenino,Universitaria,Soltero,692130.0,Biobío,2019-01-14,16,1109602,6,15,4,5.0,253
C00591,42,Femenino,Técnica,Soltero,1239100.0,Araucanía,2018-07-17,15,684766,6,7,0,5.0,342
C00592,36,Femenino,Técnica,Casado,670483.0,Araucanía,2019-07-10,19,403868,4,10,0,5.0,128
C00593,47,Masculino,Universitaria,Divorciado,877444.0,Metropolitana,2018-12-22,13,809211,5,10,0,3.0,92
C00594,46,Otro,Universitaria,Soltero,793869.0,Araucanía,2022-04-13,20,505025,6,12,0,4.0,306
C00595,54,Femenino,Técnica,Soltero,2096217.0,Valparaíso,2020-11-06,22,2020125,6,9,4,5.0,6
C00596,35,Femenino,Universitaria,Viudo,1004026.0,Metropolitana,2025-05-10,18,684470,4,9,0,5.0,74
C00597,38,Masculino,Universitaria,Casado,1940784.0,Metropolitana,2019-01-14,18,535837,8,5,1,5.0,56
C00598,30,Femenino,Universitaria,Casado,1574875.0,Valparaíso,2019-11-11,22,2616236,7,7,1,5.0,295
C00599,36,Masculino,Media,Divorciado,3383663.0,Araucanía,2024-12-28,12,1246313,3,16,2,4.0,310
C00600,46,Masculino,Universitaria,Casado,616665.0,Araucanía,2022-11-15,12,467101,11,6,0,1.0,238
C00601,51,Masculino,Técnica,Viudo,2114834.0,Araucanía,2020-06-17,14,497732,10,11,1,3.0,22
C00602,30,Femenino,Técnica,Viudo,2010171.0,Metropolitana,2018-03-17,15,1063288,8,15,0,2.0,41
C00603,52,Hombre,Técnica,Divorciado,774375.0,Metropolitana,2018-08-19,14,821143,11,13,2,3.0,346
C00604,58,Masculino,Media,Viudo,,Araucanía,2022-10-06,24,1364737,9,9,0,3.0,266
C00605,46,Masculino,Media,Soltero,,Biobío,2020-08-19,22,537541,10,7,1,,258
C00606,64,Femenino,Universitaria,Soltero,1083240.0,Araucanía,2024-06-07,17,1218379,6,9,0,3.0,48
C00607,32,Masculino,Media,Viudo,828242.0,Valparaíso,2025-08-05,12,208854,12,10,0,5.0,298
C00608,27,Femenino,Técnica,Divorciado,868248.0,Metropolitana,2024-03-12,14,729198,4,6,0,3.0,139
C00609,20,Masculino,Técnica,Casado,3018430.0,Valparaíso,2024/13/01,13,552417,7,10,1,3.0,202
C00610,59,Femenino,Media,Divorciado,1200368.0,Valparaíso,2019-01-28,15,608857,10,8,2,4.0,140
C00611,49,Masculino,Postgrado,Casado,1706219.0,Metropolitana,2021-01-13,12,752113,5,4,0,5.0,142
C00612,41,Femenino,Media,Viudo,840647.0,Biobío,2018-09-24,16,1584008,7,5,2,3.0,286
C00613,45,Femenino,Técnica,Viudo,844836.0,Araucanía,2020-12-28,14,400289,4,10,1,,233
C00614,28,Femenino,,Soltero,1952703.0,Valparaíso,2019-09-03,16,215246,3,6,0,3.0,316
C00615,71,Femenino,Media,Casado,653777.0,Metropolitana,2021-10-02,17,429138,8,12,1,3.0,158
C00616,43,Masculino,Media,Divorciado,995485.0,Valparaíso,2020-10-05,15,1477450,5,8,1,2.0,38
C00617,43,Otro,Universitaria,Viudo,1218516.0,Araucanía,2020-08-19,16,298156,9,11,1,4.0,75
C00618,50,Femenino,Postgrado,Divorciado,,Biobío,2025-08-07,22,567614,6,10,0,5.0,321
C00619,47,Femenino,Media,Soltero,1107084.0,RM,2019-11-04,14,1323927,10,12,1,4.0,175
C00620,44,Masculino,Universitaria,Casado,1433960.0,Biobío,2024-10-06,14,772440,7,6,1,4.0,39
C00621,32,Masculino,Universitaria,Casado,1639033.0,Metropolitana,2022-08-28,19,1574724,7,8,0,3.0,73
C00622,47,Masculino,Universitaria,Viudo,1670141.0,Metropolitana,2023-12-03,15,235962,5,11,1,4.0,58
C00623,64,Femenino,Técnica,Casado,770057.0,Biobío,2024-03-17,19,659608,12,3,1,4.0,363
C00624,58,Femenino,Técnica,Viudo,,Araucanía,2018-01-31,14,1784543,5,6,3,4.0,89
C00625,61,Masculino,Técnica,Soltero,2054360.0,Araucanía,2021-09-28,18,406865,3,12,1,5.0,273
C00626,35,Femenino,Universitaria,Casado,,Metropolitana,2021-11-01,17,1488460,7,10,0,2.0,134
C00627,30,Masculino,Universitaria,Viudo,646963.0,Biobío,2021-02-27,12,694503,8,10,1,5.0,143
C00628,40,Femenino,Media,Divorciado,1405632.0,Araucanía,2019-09-09,9,1038039,10,4,0,5.0,95
C00629,42,Masculino,Técnica,Viudo,492687.0,Araucanía,2019-06-23,12,1708559,7,7,0,2.0,156
C00630,55,Femenino,Universitaria,Casado,1225614.0,Region Metropolitana,2025-08-18,15,1035369,5,12,0,3.0,201
C00631,21,Masculino,Universitaria,Soltero,2818815.0,Metropolitana,2020-05-20,16,561079,9,11,0,3.0,160
C00632,60,Femenino,,Casado,783307.0,Biobío,2018-04-11,14,1120857,1,7,0,4.0,211
C00633,40,Masculino,Universitaria,Casado,,Valparaíso,2021-11-13,14,537824,6,5,0,2.0,172
C00634,36,Femenino,Técnica,Viudo,,Biobío,2025-07-02,11,942590,7,8,0,3.0,70
C00635,29,Masculino,Técnica,Divorciado,599332.0,Biobío,2020-07-29,16,377475,9,8,2,5.0,319
C00636,22,Masculino,Universitaria,Casado,,Metropolitana,2018-12-07,18,814088,5,7,1,2.0,314
C00637,51,Masculino,Media,Divorciado,,Araucanía,2025-12-18,16,1633022,16,7,1,3.0,145
C00638,42,Masculino,Técnica,Viudo,902030.0,Araucanía,2020-11-09,11,668709,9,8,1,4.0,167
C00639,26,Masculino,Universitaria,Divorciado,1079108.0,Metropolitana,2018-02-07,14,1541985,7,9,0,5.0,319
C00640,26,Masculino,Media,Viudo,1677333.0,Metropolitana,2019-10-22,9,5118769,9,4,0,3.0,117
C00641,37,Femenino,Universitaria,Soltero,1450658.0,Metropolitana,2023-07-27,16,786225,6,5,1,3.0,185
C00642,62,Masculino,Técnica,Divorciado,1353088.0,Metropolitana,2022-04-10,18,1156469,11,9,50,4.0,203
C00643,38,Femenino,Postgrado,Divorciado,1030162.0,Metropolitana,2022-07-15,23,1064999,10,8,0,4.0,162
C00644,23,Femenino,Media,Soltero,1417435.0,Valparaíso,2020-11-15,16,915686,6,6,1,5.0,309
C00645,39,Femenino,Técnica,Divorciado,1135010.0,Biobío,2019-03-30,12,1283504,6,4,1,2.0,338
C00646,38,Femenino,Universitaria,Soltero,1474522.0,Biobío,2024/13/01,17,689353,5,3,1,4.0,188
C00647,18,Masculino,Técnica,Casado,959543.0,Biobío,2021-09-08,14,537584,8,8,1,4.0,43
C00648,41,Masculino,Universitaria,Viudo,1105353.0,Araucanía,2025-08-16,14,320159,4,6,3,5.0,201
C00649,39,Masculino,Universitaria,Soltero,768619.0,Valparaíso,2020-03-29,18,651291,3,7,2,4.0,231
C00650,50,Femenino,Media,Divorciado,1181244.0,Biobío,2020-02-12,15,1373987,6,6,0,4.0,4
C00651,64,Femenino,Técnica,Soltero,833077.0,Araucanía,2018-01-13,13,455198,12,14,1,2.0,240
C00652,55,Femenino,Técnica,Divorciado,726876.0,Valparaíso,2020-07-09,19,927616,9,11,0,3.0,206
C00653,38,Femenino,Técnica,Casado,1348130.0,Valparaíso,2020-04-04,19,743036,11,7,3,,331
C00654,28,Femenino,,Soltero,1320558.0,Araucanía,2024-08-15,18,551245,6,8,0,1.0,94
C00655,72,Femenino,Universitaria,Casado,1706790.0,Valparaíso,07/08/2021,17,263166,5,6,1,4.0,232
C00656,42,Femenino,Universitaria,Viudo,988383.0,Araucanía,2024-07-07,18,1812250,8,12,2,3.0,363
C00657,42,Masculino,Universitaria,Divorciado,1441876.0,Biobío,2024-04-27,15,1091082,3,6,0,5.0,347
C00658,41,Masculino,Técnica,Divorciado,1537534.0,Araucanía,2023-07-11,9,3959149,3,9,1,2.0,349
C00659,44,Otro,Universitaria,Casado,1465900.0,Valparaíso,2021-05-13,27,1528832,6,4,0,4.0,160
C00660,40,Masculino,Universitaria,Viudo,,Biobío,2019-11-28,13,1788152,5,8,7,4.0,113
C00661,35,Masculino,Universitaria,Soltero,1283428.0,Biobío,2025-06-27,17,280058,10,10,0,3.0,252
C00662,35,Femenino,Universitaria,Soltero,1413663.0,Metropolitana,2020-08-07,16,277136,6,8,0,2.0,222
C00663,41,Masculino,Técnica,Divorciado,1203882.0,Metropolitana,2024-08-31,9,820569,7,5,1,5.0,346
C00664,35,Masculino,,Casado,,Valparaíso,2025-11-08,9,401714,14,7,1,,94
C00665,33,Femenino,Media,Casado,1289870.0,Araucanía,2024-11-20,17,531572,8,9,0,2.0,167
C00666,43,Femenino,Técnica,Soltero,3247743.0,Araucanía,2021-12-09,19,3642298,3,1,0,3.0,138
C00667,38,Masculino,Técnica,Viudo,1020511.0,Valparaíso,2018-03-10,13,1633593,9,12,1,4.0,348
C00668,60,Femenino,Postgrado,Viudo,864751.0,Biobío,2022-11-17,21,456330,6,8,0,3.0,361
C00669,18,Masculino,Universitaria,Soltero,,Valparaíso,2024-02-26,18,193434,9,8,1,5.0,210
C00670,55,Masculino,Universitaria,Soltero,1381115.0,Valparaíso,2024-03-13,21,433828,6,7,0,5.0,256
C00671,56,Femenino,Universitaria,Casado,2052487.0,Biobío,2023-05-24,12,572661,8,6,1,5.0,73
C00672,18,Femenino,Técnica,Viudo,681322.0,Araucanía,2018-07-31,12,659745,10,7,0,3.0,214
C00673,37,Femenino,Universitaria,Soltero,1667695.0,Valparaíso,2019-05-23,13,371364,10,10,1,5.0,266
C00674,37,Femenino,Técnica,Soltero,1565196.0,Araucanía,2023-08-26,19,1575805,10,9,0,4.0,360
C00675,25,Femenino,Técnica,Divorciado,,Valparaíso,2022-03-02,18,522035,7,5,2,5.0,151
C00676,32,Masculino,Media,Soltero,1397564.0,Biobío,2018-11-28,13,1180576,7,7,2,4.0,235
C00677,28,Femenino,Universitaria,Soltero,1907087.0,Biobío,2025-07-27,13,826288,8,8,2,3.0,216
C00678,63,Femenino,Universitaria,Viudo,1776887.0,Metropolitana,2019-07-05,12,1404867,2,10,1,5.0,304
C00679,53,Femenino,Técnica,Casado,717460.0,Biobío,2022-06-13,10,693575,3,12,2,4.0,109
C00680,57,Masculino,Media,Viudo,1735668.0,Metropolitana,2020-07-30,21,459261,8,5,3,5.0,345
C00681,50,Femenino,Universitaria,Casado,1165571.0,Valparaíso,22/04/2024,16,558614,4,9,0,3.0,300
C00682,28,Femenino,Media,Divorciado,1240004.0,Araucanía,2019-12-29,12,563361,13,5,1,5.0,349
C00683,35,Masculino,Universitaria,Soltero,1240184.0,Biobío,2020-05-29,18,2760983,10,8,2,3.0,320
C00684,47,Masculino,Postgrado,Divorciado,1121550.0,Biobío,2025-11-02,9,837578,6,9,0,3.0,296
C00685,27,Femenino,Técnica,Casado,2051538.0,Biobío,2019-10-11,9,802226,9,7,1,4.0,120
C00686,50,Masculino,Media,Viudo,1155633.0,Valparaíso,2020-09-26,20,1358080,5,9,1,4.0,328
C00687,39,Femenino,Universitaria,Viudo,,Santiago,2022-03-02,15,799966,7,7,0,4.0,98
C00688,37,Femenino,Universitaria,Divorciado,1005246.0,Valparaíso,2024-11-23,13,1568096,9,3,1,4.0,210
C00689,50,Femenino,Técnica,Casado,1300480.0,Araucanía,2025-06-30,12,639934,6,5,1,2.0,32
C00690,47,Femenino,Postgrado,Divorciado,2086458.0,Valparaíso,2022-06-01,11,602102,6,9,3,4.0,330
C00691,37,Masculino,Media,Divorciado,1574147.0,Araucanía,2025-07-10,13,444276,9,4,0,3.0,226
C00692,55,Femenino,Técnica,Soltero,818387.0,Biobío,2024-12-29,14,2427555,4,12,1,4.0,215
C00693,29,Femenino,Universitaria,Divorciado,3671708.0,Araucanía,2020-10-06,11,767176,8,7,3,3.0,123
C00694,49,Masculino,Universitaria,Soltero,1351845.0,Araucanía,2022-03-31,18,395514,4,3,1,3.0,147
C00695,49,Masculino,Media,Soltero,,Metropolitana,2020-03-14,13,900282,11,8,1,5.0,340
C00696,38,Femenino,Universitaria,Viudo,1120808.0,Araucanía,2025-11-18,18,541627,4,4,2,2.0,52
C00697,45,Masculino,Técnica,Soltero,1525516.0,Araucanía,2018-08-02,19,633240,7,10,2,4.0,180
C00698,26,Femenino,Técnica,Soltero,1750816.0,Valparaíso,2018-06-18,7,963973,8,10,0,2.0,290
C00699,53,Masculino,Media,Viudo,2076137.0,Biobío,2020-09-04,9,1992614,13,10,0,3.0,187
C00700,39,Masculino,Universitaria,Divorciado,,Valparaíso,2021-08-21,19,850277,7,8,0,,337
C00701,35,Masculino,Media,Casado,1776793.0,RM,2018-05-26,15,522168,8,4,1,4.0,108
C00702,54,Femenino,Técnica,Casado,1041365.0,Biobío,2022-12-04,14,590909,10,7,1,4.0,126
C00703,33,Femenino,Técnica,Casado,927776.0,Biobío,2019-05-31,17,1186164,10,8,3,5.0,261
C00704,25,Femenino,Universitaria,Divorciado,1393745.0,Araucanía,2019-03-29,13,247054,5,9,0,5.0,194
C00705,23,Femenino,Universitaria,Soltero,1826185.0,Araucanía,2018-03-01,17,427948,10,3,0,5.0,297
C00706,49,Femenino,Universitaria,Casado,1085561.0,RM,2019-06-12,20,908867,9,7,1,4.0,34
C00707,26,Masculino,Técnica,Divorciado,1937985.0,Valparaíso,2020-10-20,14,287323,9,10,0,4.0,276
C00708,63,Femenino,Universitaria,Soltero,2307117.0,Biobío,2024-11-26,23,663216,5,8,3,4.0,182
C00709,18,Femenino,Técnica,Viudo,794515.0,Araucanía,2022-04-14,19,600433,5,12,0,4.0,239
C00710,62,Masculino,Universitaria,Casado,823416.0,Biobío,2025-09-05,12,1354355,4,11,1,4.0,322
C00711,44,Femenino,Universitaria,Soltero,1126542.0,Araucanía,2025-09-30,18,688449,7,2,2,2.0,348
C00712,40,Masculino,Media,Casado,1378157.0,Metropolitana,2021-01-07,13,1630474,5,10,1,2.0,146
C00713,35,Femenino,Universitaria,Casado,947684.0,Metropolitana,2019-03-09,16,838769,9,10,3,3.0,44
C00714,46,Femenino,,Casado,2205187.0,Biobío,2021-03-22,15,2322692,6,13,1,2.0,359
C00715,41,Femenino,Técnica,Soltero,,Metropolitana,2019-02-05,24,347970,8,10,3,3.0,304
C00716,55,Femenino,Técnica,Divorciado,1221491.0,Biobío,2023-10-06,18,2110938,7,12,0,4.0,291
C00717,43,Masculino,Técnica,Soltero,628865.0,Araucanía,2024-02-12,21,625114,6,13,0,,295
C00718,43,Femenino,Técnica,Casado,,Valparaíso,2024-09-11,15,1937166,4,9,0,4.0,259
C00719,37,Masculino,Universitaria,Soltero,1361756.0,Metropolitana,2019-08-28,20,1629050,4,8,1,4.0,19
C00720,41,Femenino,Técnica,Viudo,459624.0,Araucanía,2025-10-06,12,144527,5,10,1,3.0,215
C00721,45,Femenino,Universitaria,Divorciado,1892707.0,Valparaíso,2024-01-15,12,1066473,5,7,1,3.0,211
C00722,21,Masculino,Técnica,Soltero,1117565.0,Region Metropolitana,2022-12-16,10,1455614,8,10,1,1.0,231
C00723,25,Femenino,Media,Viudo,5164009.0,Valparaíso,2022-01-03,21,1775375,3,5,1,4.0,339
C00724,50,Masculino,Universitaria,Divorciado,3390182.0,Araucanía,2025-03-21,18,394898,5,5,0,4.0,5
C00725,44,femenino,Técnica,Viudo,1105911.0,Araucanía,2024-11-18,12,1140038,4,11,1,4.0,311
C00726,39,M,Técnica,Divorciado,1143930.0,Biobío,2024-10-29,18,899335,9,10,3,3.0,269
C00727,42,Masculino,Universitaria,Soltero,1878236.0,Valparaíso,2022-11-09,25,1036346,5,7,0,4.0,162
C00728,46,Femenino,Técnica,Viudo,,Valparaíso,2025-10-19,11,1456765,7,11,1,4.0,216
C00729,35,Femenino,Media,Casado,,Valparaíso,2022-04-03,17,1601406,8,13,0,1.0,274
C00730,32,Femenino,Técnica,Viudo,537112.0,Biobío,2021-01-01,19,539782,12,11,0,4.0,324
C00731,44,Masculino,Universitaria,Divorciado,907016.0,Valparaíso,2020-07-17,15,938106,4,13,1,4.0,100
C00732,30,Otro,Universitaria,Soltero,1559793.0,Araucanía,2023-05-06,18,819990,9,17,2,3.0,171
C00733,46,Femenino,Universitaria,Divorciado,1500674.0,Valparaíso,2023-05-28,19,692979,4,5,0,4.0,252
C00734,21,Masculino,Universitaria,Viudo,1942000.0,Metropolitana,2023-08-27,9,733880,7,9,0,1.0,169
C00735,54,Femenino,Media,Viudo,699393.0,Region Metropolitana,2022-04-04,19,899828,7,6,1,3.0,38
C00736,47,Masculino,Técnica,Casado,423186.0,Biobío,2025-08-10,15,557477,4,9,2,3.0,228
C00737,45,Femenino,Universitaria,Soltero,1765489.0,Valparaíso,2018-11-22,16,1358904,8,9,0,1.0,125
C00738,53,Masculino,Media,Soltero,826655.0,Santiago,2020-09-21,19,1713334,5,10,1,3.0,278
C00739,61,Masculino,Técnica,Viudo,483841.0,Biobío,2019-09-05,13,488952,10,11,0,4.0,285
C00740,54,Femenino,Técnica,Soltero,1280947.0,Biobío,2025-02-06,17,1764477,8,6,0,5.0,137
C00741,19,Femenino,Técnica,Casado,1714721.0,Araucanía,2019-08-19,20,50000000,5,10,2,4.0,108
C00742,26,Femenino,Postgrado,Divorciado,1135866.0,Biobío,2020-07-09,14,1370983,11,9,1,4.0,68
C00743,34,Femenino,Media,Soltero,976568.0,RM,2020-04-21,16,1762518,7,8,1,5.0,104
C00744,42,Femenino,Técnica,Viudo,,Biobío,2021-05-10,9,755897,9,7,1,3.0,246
C00745,48,Masculino,Media,Divorciado,1015680.0,Biobío,2018-12-10,18,491918,5,8,1,3.0,165
C00746,33,Masculino,Postgrado,Divorciado,654227.0,Valparaíso,2023-02-20,12,561943,8,5,1,4.0,192
C00747,44,Masculino,Media,Casado,869980.0,Valparaíso,2020-05-08,9,993988,6,6,0,4.0,195
C00748,32,Femenino,Técnica,Viudo,1517247.0,Valparaíso,2021-11-24,15,2600357,5,9,0,3.0,132
C00749,34,Masculino,Universitaria,Soltero,1386908.0,Valparaíso,2019-03-21,10,289736,7,4,2,4.0,296
C00750,25,Masculino,Universitaria,Viudo,1294272.0,Metropolitana,2022-11-24,16,849592,6,6,2,3.0,144
C00751,30,Femenino,Técnica,Divorciado,766826.0,Valparaíso,2018-08-10,15,758822,4,5,2,4.0,219
C00752,25,Masculino,Técnica,Viudo,1105884.0,Biobío,2019-08-15,23,608318,8,6,1,4.0,26
C00753,30,Masculino,Técnica,Soltero,450517.0,Valparaíso,2020-10-27,16,762149,8,4,1,5.0,251
C00754,54,Femenino,Técnica,Soltero,1300353.0,Valparaíso,2021-07-19,11,577838,8,6,2,5.0,95
C00755,30,Femenino,Media,Casado,2282582.0,Araucanía,2020-10-14,10,1686659,10,7,1,4.0,354
C00756,73,Femenino,Técnica,Soltero,618141.0,Biobío,2023-08-26,20,1790245,5,8,4,3.0,200
C00757,47,Femenino,Técnica,Soltero,921874.0,Valparaíso,2021-12-18,15,843443,6,9,0,4.0,103
C00758,44,Masculino,Técnica,Viudo,1391551.0,Valparaíso,2023-08-08,13,735039,8,6,3,3.0,193
C00759,31,Masculino,Universitaria,Viudo,2108761.0,Valparaíso,2019-06-08,17,595135,11,5,2,,2
C00760,50,Masculino,Postgrado,Divorciado,,Metropolitana,2024/13/01,12,844530,10,12,0,5.0,247
C00761,35,Femenino,Universitaria,Casado,878806.0,Valparaíso,2023-08-31,18,2424329,8,8,3,4.0,91
C00762,43,Femenino,Media,Viudo,494754.0,Araucanía,2024-03-25,17,751725,9,12,0,4.0,45
C00763,72,Masculino,Media,Soltero,1257176.0,Biobío,2022-12-14,17,483452,9,2,1,4.0,3
C00764,40,Masculino,Postgrado,Divorciado,3007940.0,Biobío,2021-08-04,22,630147,16,9,1,2.0,336
C00765,55,Femenino,Técnica,Viudo,,Valparaíso,2025-10-27,14,1257264,6,10,1,4.0,64
C00766,33,Femenino,Media,Casado,1188029.0,Valparaíso,2021-07-30,14,520073,2,5,0,4.0,135
C00767,41,femenino,Técnica,Casado,,Valparaíso,2024-09-17,15,783983,6,11,0,5.0,291
C00768,63,Femenino,Universitaria,Divorciado,,Biobío,2020-12-25,18,1062459,7,9,2,3.0,278
C00769,34,Femenino,Universitaria,Divorciado,832322.0,Biobío,2022-07-31,9,544296,4,6,1,5.0,176
C00770,63,Masculino,Técnica,Divorciado,1738108.0,Metropolitana,2019-03-13,22,277540,7,8,1,4.0,282
C00771,50,Femenino,Media,Divorciado,1328319.0,Araucanía,2020-04-08,10,420641,8,8,2,6,120
C00772,35,Femenino,Postgrado,Divorciado,1209548.0,Metropolitana,2018-09-16,13,477876,4,4,1,3.0,262
C00773,49,Femenino,Técnica,Soltero,773682.0,Araucanía,2023-06-27,18,697369,3,8,0,4.0,174
C00774,53,Femenino,Universitaria,Soltero,2157392.0,Metropolitana,2023-06-13,15,821548,9,9,0,5.0,118
C00775,49,Masculino,Universitaria,Viudo,,Biobío,2018-04-13,9,1311376,8,6,0,4.0,341
C00776,23,Femenino,Universitaria,Casado,935669.0,Metropolitana,2020-09-19,9,383085,1,6,2,3.0,185
C00777,33,Femenino,Técnica,Soltero,1883520.0,Araucanía,2020-02-08,17,1201809,5,6,2,4.0,243
C00778,39,Masculino,Técnica,Soltero,959267.0,Valparaíso,2021-01-29,14,640377,6,9,1,,214
C00779,41,Masculino,Técnica,Soltero,844019.0,Araucanía,2021-05-06,13,274042,8,15,1,4.0,121
C00780,49,Masculino,Universitaria,Viudo,852531.0,Valparaíso,2025-10-31,18,806541,7,7,1,4.0,63
C00781,44,Femenino,Universitaria,Divorciado,540825.0,Biobío,2024-03-23,9,1762295,3,8,1,6.0,149
C00782,25,Femenino,Media,Viudo,1483665.0,Araucanía,2024-11-15,10,1358967,7,9,1,4.0,276
C00783,46,Otro,Media,Casado,526400.0,Metropolitana,25/08/2018,11,764215,11,8,2,5.0,29
C00784,49,Masculino,Universitaria,Casado,690404.0,Araucanía,2021-02-18,15,1571953,8,5,1,4.0,299
C00785,48,Femenino,Universitaria,Casado,471567.0,Valparaíso,2024-12-28,16,897798,8,9,1,3.0,225
C00786,54,Femenino,Universitaria,Casado,1154410.0,Biobío,2025-11-01,15,1441334,5,7,2,2.0,173
C00787,52,Femenino,Media,Soltero,1121511.0,Metropolitana,2020-02-06,15,295199,9,10,1,3.0,244
C00788,47,Masculino,Técnica,Soltero,1035938.0,Araucanía,2025-05-05,20,377967,7,7,0,4.0,321
C00789,41,Masculino,Universitaria,Viudo,750633.0,Valparaíso,2020-09-17,10,1238967,7,8,1,4.0,131
C00790,22,Femenino,Universitaria,Divorciado,708090.0,Metropolitana,05-11-2022,10,2014610,7,7,1,5.0,352
C00791,47,M,Técnica,Casado,1478884.0,Biobío,2022-10-26,11,1027608,1,11,0,5.0,20
C00792,44,Masculino,Media,Viudo,936667.0,Metropolitana,2024-05-09,14,593602,5,7,1,2.0,81
C00793,45,Masculino,Técnica,Soltero,1383591.0,Biobío,2024-03-29,19,480247,10,10,0,4.0,293
C00794,26,Femenino,Técnica,Soltero,805702.0,Metropolitana,2025-09-16,15,662103,7,7,1,4.0,294
C00795,29,Masculino,Técnica,Divorciado,,Araucanía,2019-05-11,17,1657049,8,9,0,3.0,235
C00796,54,Masculino,Postgrado,Divorciado,2157168.0,Valparaíso,2020-11-13,15,651381,3,5,0,4.0,301
C00797,41,Femenino,Técnica,Divorciado,1562201.0,Araucanía,2022-09-23,10,1500072,12,12,1,3.0,221
C00798,50,Masculino,Universitaria,Viudo,996740.0,Araucanía,2024-12-24,14,1183410,5,8,1,2.0,170
C00799,42,Femenino,Media,Soltero,1347244.0,Biobío,2023-09-04,11,2237170,9,7,0,2.0,46
C00800,42,Masculino,Universitaria,Soltero,1076830.0,Biobío,2024-05-24,9,902139,6,6,1,4.0,60
C00801,53,Masculino,,Divorciado,1204262.0,Biobío,2018-12-04,13,776544,4,7,1,4.0,96
C00802,35,Masculino,Media,Casado,,Araucanía,2023-04-22,18,1545673,5,9,1,4.0,269
C00803,43,FEMENINO,,Divorciado,1114460.0,RM,2022-12-23,17,456438,7,3,1,4.0,31
C00804,36,Hombre,Técnica,Viudo,1320174.0,Metropolitana,2018-05-17,9,612899,4,4,3,2.0,324
C00805,36,Masculino,Media,Divorciado,767443.0,Araucanía,2024-12-30,14,291957,7,13,0,3.0,116
C00806,38,Masculino,Universitaria,Divorciado,759705.0,Araucanía,2024-03-24,16,376913,9,7,1,3.0,62
C00807,44,Femenino,Universitaria,Viudo,642413.0,Valparaíso,2018-11-16,12,2536739,3,7,1,3.0,146
C00808,36,Masculino,Técnica,Divorciado,584031.0,Region Metropolitana,2023-02-07,13,1211967,7,10,2,5.0,331
C00809,57,Masculino,Técnica,Soltero,693880.0,Biobío,2020-07-04,16,351493,7,11,1,4.0,362
C00810,31,Femenino,Técnica,Casado,1289274.0,Araucanía,2021-04-20,10,1638455,5,9,0,3.0,53
C00811,39,Masculino,Universitaria,Divorciado,,Araucanía,2023-03-13,20,524472,6,13,0,2.0,51
C00812,36,Masculino,Media,Viudo,1512022.0,Metropolitana,2023-11-04,19,1175186,11,6,0,4.0,169
C00813,59,Femenino,Técnica,Casado,1218892.0,Araucanía,2020-07-14,13,1164701,9,14,0,4.0,357
C00814,44,Otro,Universitaria,Viudo,494847.0,Metropolitana,2023-10-02,15,2172439,4,9,2,4.0,357
C00815,54,Femenino,Universitaria,Casado,1611331.0,Araucanía,2025-12-17,13,579388,15,10,3,3.0,195
C00816,24,Femenino,Media,Casado,1728373.0,Valparaíso,2025-12-24,16,513101,9,4,0,4.0,83
C00817,45,Femenino,Universitaria,Divorciado,767269.0,Valparaíso,2021-06-12,20,159363,7,13,2,3.0,134
C00818,52,Masculino,Media,Soltero,1449774.0,Metropolitana,2023-06-06,7,743633,4,9,1,5.0,268
C00819,42,M,,Divorciado,816194.0,Biobío,2019-03-09,17,1236215,7,8,1,2.0,81
C00820,54,Femenino,Universitaria,Viudo,1253918.0,Valparaíso,2020-09-25,15,1341838,9,5,1,3.0,219
C00821,35,Femenino,Universitaria,Viudo,679293.0,Metropolitana,2023-11-18,12,1696039,9,5,0,4.0,2
C00822,58,Masculino,Media,Casado,535488.0,Araucanía,2020-09-16,15,951933,8,4,0,3.0,309
C00823,69,Femenino,Media,Casado,1010104.0,Araucanía,2019-08-22,13,1082989,7,7,2,4.0,251
C00824,37,Masculino,Media,Soltero,1135012.0,Metropolitana,2024-09-16,16,833375,4,8,2,2.0,236
C00825,36,Masculino,Técnica,Divorciado,1003371.0,Biobío,2019-01-31,19,1223027,8,8,1,1.0,156
C00826,59,Femenino,Media,Viudo,704341.0,Metropolitana,2019-02-19,17,456718,11,5,0,5.0,37
C00827,60,Masculino,,Casado,1002369.0,Metropolitana,2020-07-27,12,343618,6,4,2,3.0,229
C00828,35,Femenino,Técnica,Soltero,1354597.0,Valparaíso,2022-06-25,24,486564,7,7,1,3.0,145
C00829,36,Otro,Universitaria,Viudo,1176000.0,Metropolitana,2025-06-17,11,909400,7,10,0,3.0,325
C00830,38,Masculino,Universitaria,Casado,1302710.0,Metropolitana,2024-11-15,16,366631,4,12,3,5.0,56
C00831,25,Masculino,Universitaria,Viudo,887603.0,Araucanía,2019-06-25,12,547118,7,10,0,4.0,121
C00832,30,Femenino,Media,Soltero,2033166.0,Valparaíso,2022-07-08,13,557707,10,7,1,5.0,314
C00833,29,Masculino,Postgrado,Soltero,706836.0,Santiago,2023-04-30,13,1278834,8,2,1,5.0,211
C00834,32,Femenino,Universitaria,Viudo,1494398.0,Araucanía,2018-03-25,20,1188763,8,3,2,4.0,260
C00835,41,Femenino,Universitaria,Divorciado,2042495.0,Biobío,2018-09-28,8,834558,5,6,0,4.0,103
C00836,44,Femenino,Universitaria,Viudo,1489931.0,Biobío,2024-04-10,15,1048641,5,6,2,5.0,305
C00837,60,Masculino,Universitaria,Casado,1095472.0,Valparaíso,2019-01-23,21,1061126,11,7,0,10.0,235
C00838,30,Masculino,Técnica,Divorciado,946095.0,Valparaíso,2018-08-02,11,643189,8,7,1,5.0,38
C00839,53,Masculino,Media,Casado,1912786.0,Biobío,2025-11-05,13,577733,8,10,0,4.0,301
C00840,39,Masculino,Universitaria,Viudo,632536.0,Biobío,2018-02-28,16,2011475,14,5,0,4.0,108
C00841,41,Femenino,,Divorciado,775510.0,Biobío,2022-06-14,14,179672,10,8,1,3.0,224
C00842,50,Masculino,Universitaria,Casado,1003426.0,Biobío,2020-04-22,12,512771,7,11,1,4.0,293
C00843,28,Femenino,Técnica,Viudo,,Biobío,2022-03-08,6,707927,3,11,0,4.0,184
C00844,46,Masculino,Media,Viudo,1423640.0,Araucanía,2022-09-26,15,1119438,9,3,2,4.0,155
C00845,43,Masculino,Técnica,Divorciado,776235.0,RM,2018-05-03,11,1581162,6,5,1,5.0,32
C00846,47,Masculino,Universitaria,Viudo,1043607.0,Araucanía,2021-12-07,18,2437311,7,10,0,4.0,234
C00847,45,Masculino,Técnica,Soltero,910170.0,Araucanía,2021-03-08,8,757168,14,8,3,1.0,250
C00848,71,Femenino,Técnica,Casado,871897.0,Metropolitana,2024-10-22,7,788214,8,10,5,4.0,58
C00849,34,Femenino,Técnica,Casado,1864181.0,Araucanía,2019-07-16,12,994438,7,4,0,4.0,333
C00850,35,Masculino,Técnica,Viudo,647288.0,Biobío,2023-12-06,13,581690,6,9,0,5.0,163
C00851,34,Femenino,Universitaria,Viudo,2475080.0,Biobío,2022-10-04,17,393102,7,8,3,4.0,17
C00852,35,femenino,Universitaria,Soltero,1741984.0,Metropolitana,2020-06-23,18,755108,5,2,1,1.0,254
C00853,34,Femenino,Universitaria,Divorciado,1960519.0,Metropolitana,2019-01-30,20,1251170,8,4,3,2.0,146
C00854,56,Masculino,Técnica,Viudo,974333.0,Metropolitana,2022-09-23,18,691496,2,9,0,3.0,229
C00855,59,Femenino,Universitaria,Viudo,1121703.0,Metropolitana,2022-09-13,18,1025230,9,11,0,3.0,240
C00856,35,Femenino,Media,Viudo,629646.0,Metropolitana,2020-07-23,9,260687,9,10,0,4.0,286
C00857,32,Masculino,Universitaria,Viudo,947643.0,Araucanía,2021-01-06,9,808883,9,10,1,3.0,346
C00858,47,Masculino,Técnica,Casado,1498502.0,Metropolitana,2021-12-06,7,628002,8,8,1,3.0,16
C00859,35,Femenino,Técnica,Viudo,2150176.0,Araucanía,2018-03-16,21,372239,4,9,1,4.0,75
C00860,49,Femenino,Universitaria,Casado,729133.0,Valparaíso,2018-10-22,17,1186709,7,5,2,4.0,260
C00861,44,Femenino,Universitaria,Viudo,1018004.0,Metropolitana,2018-01-21,18,2421152,5,10,0,2.0,361
C00862,23,Femenino,Media,Divorciado,1121017.0,Metropolitana,2020-11-04,14,1448939,5,15,1,4.0,4
C00863,60,Femenino,,Soltero,,Araucanía,2021-05-19,9,1505471,0,8,1,2.0,251
C00864,63,Masculino,Técnica,Divorciado,,Valparaíso,2019-07-14,13,1226718,5,12,0,4.0,85
C00865,34,Masculino,Técnica,Viudo,866343.0,Araucanía,2021-01-14,10,1179071,9,8,0,4.0,63
C00866,37,Masculino,Media,Viudo,1098994.0,Araucanía,2021-03-18,9,271769,3,8,1,5.0,100
C00867,45,Femenino,Técnica,Viudo,979164.0,Metropolitana,2019-01-07,20,740881,9,7,2,2.0,322
C00868,46,Masculino,Técnica,Divorciado,841237.0,Biobío,2023-07-21,13,1085519,3,6,0,3.0,243
C00869,49,Femenino,Media,Viudo,1196201.0,Biobío,2020-03-28,10,1100428,3,10,0,4.0,295
C00870,66,Masculino,Técnica,Divorciado,1089040.0,Araucanía,2021-03-20,20,1715801,2,4,1,3.0,162
C00871,39,Masculino,Universitaria,Casado,1015098.0,Metropolitana,2021-03-10,17,430597,6,7,3,4.0,178
C00872,32,Femenino,Media,Soltero,864601.0,Valparaíso,2020-12-28,19,1151677,1,7,1,1.0,328
C00873,25,Masculino,Universitaria,Soltero,1385564.0,Biobío,2021-07-07,14,422245,9,12,0,4.0,328
C00874,33,Femenino,Técnica,Divorciado,2525525.0,Valparaíso,2023-07-05,6,704573,6,9,2,5.0,252
C00875,41,Masculino,Universitaria,Casado,1277967.0,Biobío,2020-04-25,14,770803,5,7,1,5.0,42
C00876,63,Femenino,Técnica,Divorciado,1878690.0,Metropolitana,2023-06-15,12,1342319,4,8,1,5.0,242
C00877,35,Femenino,Media,Casado,641928.0,Region Metropolitana,2019-06-05,10,1250856,6,5,0,1.0,342
C00878,44,Masculino,,Viudo,1288287.0,Valparaíso,2019-01-06,19,859894,4,14,2,4.0,91
C00879,41,Femenino,Media,Casado,732351.0,Valparaíso,2021-12-13,9,219947,5,10,3,4.0,28
C00880,56,Masculino,Media,Casado,617365.0,Araucanía,2018-04-11,17,1044728,12,6,2,5.0,155
C00881,72,Femenino,,Casado,860367.0,Valparaíso,2019-10-23,14,681302,4,14,1,5.0,119
C00882,35,Masculino,Universitaria,Soltero,2051715.0,Biobío,2022-08-09,26,1844005,6,7,0,5.0,220
C00883,36,Masculino,Universitaria,Casado,1840116.0,Araucanía,2018-08-31,14,1598319,3,6,1,5.0,347
C00884,54,Femenino,Universitaria,Viudo,1338666.0,Biobío,2025-09-01,16,455683,5,12,0,4.0,264
C00885,50,Femenino,Media,Viudo,602062.0,Biobío,2019-05-27,11,1134464,8,2,1,4.0,121
C00886,64,Femenino,Técnica,Viudo,,Metropolitana,2025-12-06,24,1147978,2,6,1,5.0,46
C00887,49,Femenino,Técnica,Casado,1374495.0,Biobío,2025-02-15,17,1098962,2,11,1,4.0,280
C00888,37,Femenino,Media,Divorciado,1298633.0,Metropolitana,2024-03-23,10,1016743,7,8,2,5.0,115
C00889,49,Masculino,Técnica,Divorciado,523412.0,Valparaíso,2022-03-22,16,1167598,9,6,0,5.0,168
C00890,55,Masculino,Técnica,Viudo,803866.0,Valparaíso,2024-03-11,20,1969437,2,10,1,4.0,246
C00891,51,Masculino,Técnica,Soltero,1165892.0,Metropolitana,2025-07-28,13,574662,6,9,1,3.0,280
C00892,48,Masculino,Técnica,Divorciado,1527530.0,Biobío,2023-10-16,16,464576,7,12,2,3.0,234
C00893,54,Masculino,Universitaria,Casado,,Araucanía,2019-01-31,12,1279520,7,4,1,2.0,22
C00894,56,Masculino,Universitaria,Divorciado,1115570.0,Araucanía,2019-09-04,17,258422,9,11,1,4.0,202
C00895,58,Femenino,Técnica,Viudo,1279786.0,Metropolitana,2021-06-14,19,1184440,6,10,1,4.0,68
C00896,49,Masculino,Universitaria,Soltero,,Valparaíso,2023-02-01,8,1065047,7,5,2,4.0,136
C00897,39,Masculino,Postgrado,Divorciado,1639034.0,Valparaíso,2020-02-09,13,195842,8,7,1,4.0,231
C00898,43,Masculino,Técnica,Divorciado,,Araucanía,2021-11-23,24,546104,4,14,2,5.0,58
C00899,56,Femenino,Técnica,Viudo,837234.0,Metropolitana,2019-02-11,11,2059454,6,11,0,3.0,15
C00900,32,Femenino,Técnica,Soltero,,Araucanía,2023-02-16,12,333721,11,8,2,5.0,264
C00901,46,Femenino,Universitaria,Soltero,,Biobío,2022-02-12,17,908837,4,7,1,2.0,170
C00902,37,Masculino,Universitaria,Viudo,1883357.0,Biobío,2025-05-18,11,437759,10,10,2,4.0,291
C00903,42,Masculino,Media,Casado,2246505.0,Metropolitana,2024-03-19,13,522823,4,7,0,,169
C00904,57,Femenino,Técnica,Divorciado,,Metropolitana,2021-03-25,10,2526027,10,9,2,4.0,48
C00905,44,Masculino,,Casado,1455755.0,Biobío,2019-10-16,19,861502,9,4,2,4.0,96
C00906,42,Hombre,Técnica,Divorciado,,Valparaíso,2024-10-11,13,1090925,5,9,1,3.0,327
C00907,25,Femenino,Media,Divorciado,934324.0,Metropolitana,2021-03-27,18,747798,3,13,1,3.0,44
C00908,50,Femenino,Universitaria,Casado,1131783.0,Biobío,2020-09-03,17,322315,6,9,3,3.0,353
C00909,49,Masculino,Universitaria,Viudo,2543148.0,Biobío,2021-12-10,22,392940,4,6,2,4.0,240
C00910,67,Masculino,Universitaria,Viudo,785190.0,Valparaíso,2024-08-15,13,1622413,7,7,1,4.0,291
C00911,38,Femenino,Universitaria,Divorciado,2481769.0,Valparaíso,2021-09-29,20,876859,4,6,1,4.0,283
C00912,44,Masculino,Universitaria,Viudo,1038117.0,Valparaíso,2025-12-07,16,503930,4,8,2,5.0,70
C00913,44,Femenino,Técnica,Divorciado,,Valparaíso,2025-12-13,15,789484,6,12,1,5.0,253
C00914,60,Masculino,Universitaria,Viudo,637153.0,Araucanía,2018-08-17,13,1189835,8,7,0,4.0,66
C00915,40,Masculino,Media,Divorciado,1562017.0,Valparaíso,2024-05-16,14,1050797,5,5,1,,327
C00916,45,Masculino,Universitaria,Viudo,861375.0,Araucanía,2023-03-09,21,504081,6,11,2,4.0,336
C00917,49,FEMENINO,Media,Soltero,634734.0,Metropolitana,2021-08-06,15,310887,14,11,0,4.0,285
C00918,44,Masculino,Universitaria,Casado,1324005.0,Biobío,2020-12-06,19,626647,6,8,1,4.0,31
C00919,36,Masculino,Media,Soltero,1890013.0,Araucanía,2020-09-01,12,1556260,10,6,1,4.0,214
C00920,44,Hombre,Media,Casado,820450.0,Metropolitana,2022-10-05,15,1335736,7,7,0,4.0,181
C00921,54,Masculino,Media,Casado,611258.0,Metropolitana,2020-01-28,21,1023367,5,10,0,5.0,202
C00922,29,Femenino,Media,Divorciado,1151414.0,Araucanía,2018-11-17,15,722042,10,3,0,5.0,68
C00923,43,Masculino,Universitaria,Casado,1153701.0,Metropolitana,2024-05-10,13,586729,4,11,1,5.0,25
C00924,33,Femenino,Universitaria,Soltero,1535821.0,Metropolitana,2019-07-10,14,730124,1,5,1,5.0,248
C00925,56,Masculino,Técnica,Soltero,1839767.0,Araucanía,2020-04-23,16,1278796,13,10,1,5.0,337
C00926,23,Masculino,Media,Viudo,1168340.0,Metropolitana,2021-08-29,13,1466635,5,9,0,1.0,343
C00927,35,Femenino,Media,Soltero,2765711.0,Valparaíso,2021-10-18,16,683713,5,8,0,5.0,160
C00928,46,M,Media,Viudo,1327406.0,Valparaíso,2019-10-30,17,3664145,6,6,2,2.0,280
C00929,60,Femenino,,Casado,1026781.0,Biobío,2024-08-24,25,845606,12,8,1,4.0,257
C00930,41,Femenino,Universitaria,Soltero,581070.0,Metropolitana,2025-07-21,9,649653,6,6,2,3.0,111
C00931,35,Femenino,Media,Casado,1066225.0,Biobío,2023-04-27,15,1939166,7,7,1,3.0,47
C00932,64,Masculino,,Soltero,1031431.0,Valparaíso,2023-06-28,14,235481,9,6,2,3.0,179
C00933,24,Femenino,Media,Soltero,1848655.0,Valparaíso,2023-04-15,17,1067027,6,11,1,4.0,36
C00934,18,Femenino,Media,Viudo,1477629.0,Valparaíso,2020-01-16,7,765808,4,13,0,4.0,198
C00935,47,Masculino,,Casado,705820.0,Metropolitana,2019-11-06,15,1907449,13,5,0,1.0,42
C00936,35,Femenino,Universitaria,Soltero,1296717.0,Metropolitana,2023-12-04,15,1150055,9,7,0,5.0,332
C00937,29,Masculino,Media,Divorciado,1623380.0,Valparaíso,2025-04-06,10,869634,9,14,0,5.0,90
C00938,50,Masculino,Media,Casado,2386757.0,Biobío,2020-12-01,14,1190575,5,6,2,4.0,345
C00939,44,Masculino,Técnica,Casado,1789074.0,Biobío,2024-08-23,14,424648,8,14,2,5.0,68
C00940,35,Masculino,Media,Casado,1689956.0,Araucanía,2024-11-18,13,1428962,8,5,1,4.0,70
C00941,26,Masculino,Media,Viudo,1232889.0,Valparaíso,2024-05-16,15,357044,4,12,2,5.0,110
C00942,52,Femenino,Postgrado,Divorciado,1429124.0,Biobío,2019-09-10,19,991987,5,9,0,4.0,351
C00943,49,Femenino,Universitaria,Casado,2105596.0,Valparaíso,2023-12-06,12,817278,2,9,1,4.0,22
C00944,40,Femenino,Técnica,Soltero,658738.0,Biobío,2024-06-14,13,277765,7,4,3,5.0,277
C00945,64,Masculino,Técnica,Soltero,1025390.0,Santiago,2023-11-18,21,833786,4,11,1,3.0,195
C00946,29,Femenino,Técnica,Viudo,847610.0,Metropolitana,2024-04-27,14,947478,12,5,2,2.0,45
C00947,23,Masculino,,Soltero,1423246.0,Valparaíso,2020-09-19,16,540063,12,8,1,4.0,111
C00948,33,Otro,Universitaria,Casado,2087404.0,Biobío,2021-08-21,17,435789,3,12,1,3.0,209
C00949,41,Hombre,Universitaria,Soltero,917303.0,Metropolitana,2021-10-09,17,1074830,10,13,1,4.0,230
C00950,44,Masculino,Media,Casado,409296.0,Araucanía,2018-10-13,17,994261,6,6,2,3.0,178
C00951,39,Femenino,Técnica,Soltero,,Valparaíso,2024-07-03,7,916629,9,6,0,5.0,250
C00952,46,Masculino,Técnica,Divorciado,1810104.0,Valparaíso,2023-10-12,19,804255,7,10,0,5.0,328
C00953,26,Masculino,,Viudo,1528451.0,Biobío,2019-11-18,17,569451,3,8,2,0.0,11
C00954,59,Femenino,Universitaria,Viudo,1454999.0,Valparaíso,2024/13/01,16,3127285,11,1,1,3.0,252
C00955,41,M,Técnica,Divorciado,1057941.0,Araucanía,2022-01-04,11,668885,12,16,1,3.0,344
C00956,55,femenino,Media,Divorciado,674865.0,Valparaíso,2020-01-08,14,476059,8,10,2,4.0,235
C00957,46,Masculino,Universitaria,Viudo,1513165.0,Valparaíso,2025-05-10,19,826556,7,4,0,4.0,136
C00958,47,Masculino,Media,Divorciado,824395.0,Metropolitana,2023-05-13,15,717696,12,7,0,,254
C00959,48,Masculino,Técnica,Casado,3206452.0,Metropolitana,2023-03-10,10,659646,6,11,1,3.0,54
C00960,47,Masculino,Media,Soltero,1551232.0,Araucanía,2024-11-28,12,2463103,6,8,0,4.0,129
C00961,49,Femenino,Universitaria,Viudo,924067.0,Biobío,2022-01-25,12,406166,6,2,1,3.0,226
C00962,57,Femenino,Media,Divorciado,911374.0,Metropolitana,2023-10-02,18,818173,8,8,0,4.0,20
C00963,44,Femenino,Técnica,Casado,1150845.0,Biobío,2025-09-02,16,422845,10,8,2,3.0,100
C00964,50,Femenino,Universitaria,Viudo,1077394.0,Araucanía,2019-05-01,15,578244,6,6,3,4.0,290
C00965,40,Masculino,Media,Divorciado,1983567.0,Metropolitana,2022-02-22,17,2267155,6,10,1,3.0,57
C00966,59,Masculino,Técnica,Viudo,1305007.0,Biobío,2023-06-25,11,947170,3,10,1,3.0,226
C00967,33,Masculino,Técnica,Divorciado,863369.0,Metropolitana,2021-10-19,19,940333,10,8,0,3.0,141
C00968,63,Femenino,Media,Viudo,2809537.0,Araucanía,2024-09-22,11,455284,11,6,2,4.0,125
C00969,41,Masculino,Universitaria,Casado,1226924.0,Araucanía,2020-10-27,18,620073,4,16,0,4.0,309
C00970,24,Masculino,Media,Casado,1696045.0,Metropolitana,2022-11-01,18,2388652,3,8,0,5.0,52
C00971,43,Masculino,Técnica,Soltero,912670.0,Biobío,2019-10-30,19,1079473,7,7,1,3.0,134
C00972,33,Masculino,Técnica,Viudo,1413011.0,Valparaíso,2021-05-05,12,652481,9,10,0,1.0,292
C00973,52,Hombre,Universitaria,Soltero,1380327.0,Valparaíso,2020-04-14,8,1042082,9,6,0,3.0,153
C00974,34,Femenino,Universitaria,Viudo,512722.0,Metropolitana,2020-05-25,12,939370,6,14,2,3.0,347
C00975,36,Femenino,Técnica,Divorciado,2971881.0,Biobío,2024-08-11,15,483450,6,10,0,3.0,186
C00976,19,Femenino,Media,Divorciado,2144939.0,Valparaíso,2020-09-28,15,641190,6,11,1,2.0,239
C00977,36,Femenino,Universitaria,Soltero,,Araucanía,2018-09-07,13,3094350,5,9,3,4.0,183
C00978,18,Masculino,Técnica,Viudo,730738.0,Biobío,2023-04-24,12,1012130,3,11,1,4.0,351
C00979,22,Masculino,Universitaria,Soltero,1403156.0,Valparaíso,2022-06-07,13,312057,5,10,3,4.0,3
C00980,51,Masculino,Universitaria,Casado,1247742.0,Biobío,2021-06-17,13,1086522,14,4,0,3.0,284
C00981,51,Masculino,Universitaria,Soltero,1408284.0,Metropolitana,2024-08-24,14,1748414,3,9,0,4.0,196
C00982,47,Femenino,Técnica,Soltero,1308042.0,Biobío,2020-05-21,11,464975,3,11,0,4.0,166
C00983,30,Masculino,Técnica,Divorciado,1507013.0,Valparaíso,2020-04-14,15,608201,4,8,1,3.0,290
C00984,41,Femenino,Universitaria,Soltero,2301610.0,Metropolitana,2025-09-23,13,1913854,7,13,0,4.0,340
C00985,41,Femenino,Técnica,Viudo,,Biobío,2020-07-07,15,816934,3,6,1,5.0,141
C00986,28,Femenino,Media,Divorciado,748246.0,Araucanía,2022-09-21,18,734275,3,17,1,5.0,111
C00987,60,Femenino,Universitaria,Soltero,,Valparaíso,2024-11-07,13,358875,7,6,1,,261
C00988,52,Femenino,Universitaria,Casado,2510791.0,Metropolitana,2024-08-10,16,1520738,6,10,2,4.0,188
C00989,39,Femenino,Técnica,Soltero,4956734.0,Biobío,2021-08-06,12,714462,9,4,2,4.0,344
C00990,42,Femenino,Media,Soltero,723792.0,Araucanía,2023-03-13,15,217461,5,9,1,3.0,358
C00991,44,Masculino,Técnica,Soltero,1338592.0,Valparaíso,2019-02-07,17,311384,8,8,0,4.0,273
C00992,18,Femenino,Universitaria,Divorciado,470187.0,Araucanía,2023-10-07,9,571156,7,7,0,4.0,185
C00993,39,Femenino,Universitaria,Viudo,1539162.0,Biobío,2025-01-12,16,420273,10,6,0,5.0,287
C00994,33,M,Media,Casado,937659.0,Biobío,2021-08-20,9,461755,9,7,1,3.0,92
C00995,29,Masculino,Media,Soltero,2851576.0,Metropolitana,2021-02-12,13,3266301,5,12,0,1.0,194
C00996,38,Femenino,Universitaria,Viudo,,Araucanía,2018-07-29,12,1223077,12,7,1,4.0,360
C00997,63,Femenino,Técnica,Viudo,561125.0,Metropolitana,2020-11-30,13,170409,8,12,2,,349
C00998,49,Femenino,Técnica,Divorciado,970690.0,Valparaíso,2020-03-26,17,662498,13,6,0,2.0,338
C00999,35,FEMENINO,Postgrado,Casado,493294.0,Metropolitana,2024-01-30,14,758176,10,10,0,,311
C01000,48,Femenino,Media,Divorciado,1682559.0,Valparaíso,2018-08-22,15,329788,7,4,1,10,329
C00522,48,Masculino,,Viudo,1486263.0,Metropolitana,2025-05-03,18,1099394,4,6,1,4.0,257
C00738,53,Masculino,Media,Soltero,826655.0,Santiago,2020-09-21,19,1713334,5,10,1,3.0,278
C00741,19,Femenino,Técnica,Casado,1714721.0,Araucanía,2019-08-19,20,50000000,5,10,2,4.0,108
C00661,35,Masculino,Universitaria,Soltero,1283428.0,Biobío,2025-06-27,17,280058,10,10,0,3.0,252
C00412,28,Hombre,Técnica,Soltero,,Metropolitana,2023-11-18,17,934178,7,10,1,5.0,228
C00679,53,Femenino,Técnica,Casado,717460.0,Biobío,2022-06-13,10,693575,3,12,2,4.0,109
C00627,30,Masculino,Universitaria,Viudo,646963.0,Biobío,2021-02-27,12,694503,8,10,1,5.0,143
C00514,31,Femenino,Universitaria,Casado,1167505.0,Santiago,2020-02-20,16,1660766,14,6,1,4.0,7
C00860,49,Femenino,Universitaria,Casado,729133.0,Valparaíso,2018-10-22,17,1186709,7,5,2,4.0,260
C00137,150,Femenino,Postgrado,Casado,1152768.0,Metropolitana,2019-10-27,15,190776,7,7,1,4.0,300
C00812,36,Masculino,Media,Viudo,1512022.0,Metropolitana,2023-11-04,19,1175186,11,6,0,4.0,169
C00077,43,Masculino,Universitaria,Viudo,677817.0,Metropolitana,2025-09-24,9,431912,2,11,2,3.0,296
C00637,51,Masculino,Media,Divorciado,,Araucanía,2025-12-18,16,1633022,16,7,1,3.0,145
C00974,34,Femenino,Universitaria,Viudo,512722.0,Metropolitana,2020-05-25,12,939370,6,14,2,3.0,347
C00939,44,Masculino,Técnica,Casado,1789074.0,Biobío,2024-08-23,14,424648,8,14,2,5.0,68
C00900,32,Femenino,Técnica,Soltero,,Araucanía,2023-02-16,12,333721,11,8,2,5.0,264
C00281,43,Femenino,Postgrado,Viudo,,Araucanía,2021-02-20,20,746418,9,7,0,3.0,107
C00884,54,Femenino,Universitaria,Viudo,1338666.0,Biobío,2025-09-01,16,455683,5,12,0,4.0,264
C00762,43,Femenino,Media,Viudo,494754.0,Araucanía,2024-03-25,17,751725,9,12,0,4.0,45
C00320,40,Masculino,Media,Viudo,760088.0,Araucanía,2020-05-23,17,428171,7,9,1,4.0,187
